﻿Rank,EntryId,EntryName,TimeRemaining,Points,Lineup,,Player,Roster Position,%Drafted,FPTS
1,1265909379,tfo5016,0,318.25,UTIL Nikola Jokic C Nikola Vucevic F Josh Richardson SF Caris LeVert PF Dario Saric PG Tyler Johnson SG Terry Rozier G Marcus Smart,,Terry Rozier,PG,35.00%,36.5
2,1265829013,Jay9813,0,300.25,C Nikola Jokic G Victor Oladipo PG Donovan Mitchell PF Domantas Sabonis SF Dario Saric F Marvin Bagley III UTIL Langston Galloway SG Terry Rozier,,Derrick Rose,PG,30.50%,38
3,1266005225,HunterO3,0,298.25,UTIL Nikola Jokic F Aaron Gordon G Jamal Murray SG Derrick Rose SF Jae Crowder PF Taj Gibson C Mohamed Bamba PG Terry Rozier,,Taj Gibson,PF,27.50%,22.75
4,1265991742,dragroute,0,297,C Nikola Jokic PG John Wall G Josh Richardson PF Nemanja Bjelica SF Otto Porter Jr. UTIL JJ Redick F Omari Spellman SG Marcus Smart,,Donovan Mitchell,PG,26.50%,33
5,1265959148,Chiparelli777,0,295.5,C Joel Embiid PG Kemba Walker SG Jamal Murray UTIL D'Angelo Russell F Gordon Hayward PF Omari Spellman SF Wayne Ellington G Iman Shumpert,,Blake Griffin,C,23.50%,34.75
6,1266007666,toli15,0,288.5,PG Ben Simmons SG Bradley Beal SF Evan Fournier C Dwight Howard UTIL Jarrett Allen F Jae Crowder G Jeremy Lamb PF Marvin Bagley III,,De'Aaron Fox,PG,23.00%,44
7,1265896816,JT420cailhighlife,0,288.25,C Nikola Vucevic SF Aaron Gordon PG De'Aaron Fox SG Buddy Hield F Jayson Tatum PF Nemanja Bjelica G Gordon Hayward UTIL Guillermo Hernangómez,,Wayne Ellington,SF,22.00%,10.5
8,1265890504,sspiva1,0,288,F Blake Griffin C Andre Drummond UTIL Nikola Vucevic PF Taj Gibson PG Spencer Dinwiddie G Terry Rozier SG Marcus Smart SF Iman Shumpert,,Andre Drummond,UTIL,20.50%,48.25
9,1265846057,99DWhite,0,286.5,C Karl-Anthony Towns SG Jimmy Butler G De'Aaron Fox SF Buddy Hield PF Taj Gibson UTIL D.J. Augustin F Derrick Favors PG Terry Rozier,,Dwight Howard,C,19.00%,20
9,1265888287,mike092798,0,286.5,PG Kemba Walker C Karl-Anthony Towns UTIL Caris LeVert SF Evan Fournier G JJ Redick SG Kelly Oubre Jr. PF Marvin Bagley III F Omari Spellman,,Aaron Gordon,PF,18.50%,36.25
11,1265829016,sirxdev,0,284.5,C Nikola Jokic SF Jimmy Butler PG Donovan Mitchell PF Jayson Tatum SG Gordon Hayward F Jeremy Lamb G Jaylen Brown UTIL Mohamed Bamba,,Justise Winslow,SF,18.50%,22
11,1265916745,Gucciman2001,0,284.5,SF Ben Simmons C Andre Drummond G John Wall UTIL Paul Millsap F Omari Spellman PG Terry Rozier SG Wayne Ellington PF Glenn Robinson III,,JJ Redick,SF,16.50%,26
13,1265927661,easyad,0,283.75,C Andre Drummond SG Victor Oladipo SF Caris LeVert PG Derrick Rose UTIL Jarrett Allen PF Taj Gibson F Wayne Ellington G Jeremy Lin,,Domantas Sabonis,PF,16.00%,34.75
14,1265819859,bhbh2,0,283.5,C Joel Embiid UTIL Andre Drummond PG Trae Young SF Marcus Morris G Spencer Dinwiddie PF Omari Spellman F Iman Shumpert SG Kevin Huerter,,Kent Bazemore,G,15.00%,14.25
15,1265878811,lb55ders,0,283.25,C Joel Embiid PF Blake Griffin SG Derrick Rose SF Jayson Tatum UTIL Trey Lyles PG Marcus Smart G Iman Shumpert F C.J. Williams,,Buddy Hield,SG,14.50%,34
15,1265906625,Ireneb1029,0,283.25,PG Victor Oladipo UTIL Nikola Vucevic SF Josh Richardson F Buddy Hield PF Domantas Sabonis C Jarrett Allen SG Wayne Ellington G Monte Morris,,Josh Richardson,G,14.00%,29
17,1265909821,rogersw,0,283,UTIL Joel Embiid C Andre Drummond PG D'Angelo Russell SG Gordon Hayward PF Taj Gibson G Markelle Fultz F Derrick Favors SF Bojan Bogdanovic,,Tyler Johnson,UTIL,14.00%,26
18,1265951651,edwardtineh,0,282.25,C Joel Embiid SF Ben Simmons PG Kemba Walker SG JJ Redick UTIL Omari Spellman F Wayne Ellington G Landry Shamet PF Amir Johnson,,Victor Oladipo,G,13.50%,52.75
19,1265836410,cmblan10,0,281.75,C Nikola Jokic SG Victor Oladipo G De'Aaron Fox PG Derrick Rose SF Taurean Prince PF Jae Crowder F Wayne Ellington UTIL Landry Shamet,,Gordon Hayward,UTIL,13.00%,26.75
20,1265826436,blazebrindy,0,280.5,C Joel Embiid G Kemba Walker UTIL Reggie Jackson F Gordon Hayward SF Jeremy Lamb SG Terrence Ross PG Markelle Fultz PF Dewayne Dedmon,,Caris LeVert,SF,12.50%,31.5
21,1265885097,Tmanziel1,0,280,UTIL Karl-Anthony Towns PG Donovan Mitchell G De'Aaron Fox F Buddy Hield C Dwight Howard SF Dario Saric PF Marvin Bagley III SG Terry Rozier,,Willie Cauley-Stein,C,12.00%,32.75
22,1265968901,djlins16,0,279.5,SF Ben Simmons C Nikola Jokic PG Donovan Mitchell SG Gordon Hayward UTIL Markieff Morris PF Taj Gibson G D.J. Augustin F Bojan Bogdanovic,,Robert Covington,SF,11.50%,20.75
23,1265870687,DonovanWhite27,0,279,PG John Wall C Karl-Anthony Towns SG Bradley Beal PF Robert Covington UTIL Gordon Hayward F Thaddeus Young G Spencer Dinwiddie SF Bojan Bogdanovic,,D.J. Augustin,G,11.50%,21.5
23,1265975643,MikeCastro41,0,279,PF Blake Griffin C Nikola Jokic PG De'Aaron Fox G Derrick Rose F Derrick Favors SG Tyler Johnson SF Tyreke Evans UTIL Omari Spellman,,Otto Porter Jr.,F,11.00%,17.75
25,1265928374,eharris7,0,278.5,UTIL Rudy Gobert F Aaron Gordon G De'Aaron Fox C Willie Cauley-Stein SG D'Angelo Russell SF Justise Winslow PF Taj Gibson PG Terry Rozier,,Nemanja Bjelica,F,11.00%,30.5
26,1265930193,Pacer7,0,277.75,UTIL Jimmy Butler PG Donovan Mitchell SF Buddy Hield SG Derrick Rose PF Nemanja Bjelica C Jarrett Allen F Jae Crowder G D.J. Augustin,,Marvin Bagley III,F,10.50%,12
27,1265839337,African_God711,0,277.25,C Andre Drummond SG Victor Oladipo PG De'Aaron Fox PF Domantas Sabonis F JJ Redick UTIL Bojan Bogdanovic G Terry Rozier SF Wayne Ellington,,Trey Lyles,F,10.50%,18.75
28,1265936257,treyjordan,0,276,C Karl-Anthony Towns PF Aaron Gordon SG Donovan Mitchell SF Caris LeVert UTIL Dwight Howard G D.J. Augustin F Omari Spellman PG Terry Rozier,,Nikola Jokic,C,10.50%,72.75
29,1265893704,jraggbones,0,275.5,UTIL Joel Embiid PF Aaron Gordon F Josh Richardson C Dwight Howard SF Justise Winslow PG Terry Rozier G Marcus Smart SG Kevin Huerter,,Taurean Prince,F,10.00%,15.75
30,1265986179,gunningceltic,0,274.25,C Joel Embiid UTIL Kemba Walker SF Jayson Tatum F Marcus Morris G D.J. Augustin PG Terry Rozier PF Juancho Hernangómez SG Alec Burks,,Trae Young,G,10.00%,25.5
31,1265969974,moedog31,0,274,G Victor Oladipo SF Aaron Gordon C Willie Cauley-Stein SG Derrick Rose PF Nemanja Bjelica UTIL Jarrett Allen PG D.J. Augustin F Jaylen Brown,,Jamal Murray,PG,10.00%,27
32,1265961538,jboy512,0,273.5,UTIL John Wall F Buddy Hield C Willie Cauley-Stein G Derrick Rose SG D'Angelo Russell SF Otto Porter Jr. PF Taj Gibson PG Terry Rozier,,Al Horford,C,10.00%,28
32,1265996257,ametz15,0,273.5,UTIL Andre Drummond F Buddy Hield G Ricky Rubio PF Jayson Tatum SG D'Angelo Russell SF Justise Winslow C Myles Turner PG Terry Rozier,,John Wall,PG,9.50%,51.75
34,1265902183,caperuno,0,272.75,C Nikola Jokic PG John Wall PF Aaron Gordon UTIL Donovan Mitchell F Taj Gibson SG Terry Rozier SF Wayne Ellington G Jonathon Simmons,,Ben Simmons,PG,9.00%,61.5
35,1265874484,Civas,0,272.25,PF Blake Griffin UTIL Nikola Jokic PG Derrick Rose SG D'Angelo Russell F Otto Porter Jr. SF JJ Redick G Darren Collison C Mason Plumlee,,Andrew Wiggins,F,9.00%,0
36,1265978687,Poppy0,0,272,PF Aaron Gordon G De'Aaron Fox SG Buddy Hield C Willie Cauley-Stein F Domantas Sabonis UTIL Dwight Howard SF Dario Saric PG Terry Rozier,,Derrick Favors,F,9.00%,23.5
37,1265904651,flowermoon,0,270.5,C Hassan Whiteside PG Trae Young SG Donovan Mitchell G De'Aaron Fox SF Joe Ingles F Gordon Hayward PF Thaddeus Young UTIL Terry Rozier,,Jayson Tatum,PF,9.00%,41.25
37,1265929175,South478716,0,270.5,F Ben Simmons SF Caris LeVert SG Buddy Hield G Derrick Rose C Domantas Sabonis PF Trey Lyles PG D.J. Augustin UTIL Omari Spellman,,Joel Embiid,C,8.50%,79
39,1265859890,pax2000lbs,0,269.75,PG John Wall UTIL Karl-Anthony Towns PF Aaron Gordon C Dwight Howard F Justise Winslow G Tyler Johnson SG Terry Rozier SF Wayne Ellington,,D'Angelo Russell,SG,8.50%,40
40,1265961724,billiondollarname,0,268.25,C Rudy Gobert UTIL Donovan Mitchell G Ricky Rubio PF Al Horford SF Marcus Morris SG Gary Harris F Joe Ingles PG Terry Rozier,,Rudy Gobert,UTIL,8.50%,44.25
40,1266013334,shagrotn77,0,268.25,C Andre Drummond SG Victor Oladipo UTIL Donovan Mitchell SF Buddy Hield F Taj Gibson PF Omari Spellman PG Terry Rozier G Wayne Ellington,,Omari Spellman,PF,8.00%,30.5
42,1265971189,sturulz,0,267.75,PG John Wall UTIL Karl-Anthony Towns SG Derrick Rose C Dwight Howard F JJ Redick SF Terrence Ross PF Trey Lyles G Ish Smith,,Jimmy Butler,SF,7.50%,37.5
42,1266002356,Supernic15,0,267.75,UTIL Nikola Vucevic PG Donovan Mitchell G De'Aaron Fox PF Domantas Sabonis C Dwight Howard F Taurean Prince SF Dario Saric SG Terry Rozier,,Nikola Vucevic,C,7.50%,50
44,1265927525,gochiefs75,0,267.5,PF Blake Griffin C Andre Drummond PG Kemba Walker SF Robert Covington SG Terry Rozier G Cory Joseph UTIL Guillermo Hernangómez F Miles Bridges,,Gary Harris,SG,7.50%,14
44,1265991829,mathletekelz,0,267.5,C Blake Griffin SG Victor Oladipo UTIL Derrick Rose PF Jayson Tatum F Gordon Hayward G Tyler Johnson PG Terry Rozier SF DeMarre Carroll,,Jarrett Allen,C,7.00%,44.25
46,1265961603,Elway1998,0,267,UTIL Andre Drummond G Trae Young SG Donovan Mitchell C Jarrett Allen F Jae Crowder SF Otto Porter Jr. PF Taj Gibson PG Terry Rozier,,Ricky Rubio,G,7.00%,33.5
47,1265964620,Sportsdude257,0,266.75,C Hassan Whiteside PF Aaron Gordon SG Josh Richardson F Buddy Hield SF Taurean Prince UTIL Jarrett Allen G Tyler Johnson PG Terry Rozier,,Hassan Whiteside,C,7.00%,45
48,1265935714,afigz89,0,266.5,SG Josh Richardson SF Buddy Hield PG Derrick Rose F Domantas Sabonis UTIL Ricky Rubio G Gary Harris C Jarrett Allen PF Jae Crowder,,Jaylen Brown,SG,6.50%,18
49,1265847264,dpboyz80,0,266.25,F Ben Simmons PG De'Aaron Fox C Willie Cauley-Stein SG Derrick Rose UTIL Domantas Sabonis SF JJ Redick PF Trey Lyles G Wayne Ellington,,Kemba Walker,G,6.50%,55.75
49,1265938643,blazeo,0,266.25,G John Wall SG Bradley Beal UTIL De'Aaron Fox F Domantas Sabonis SF Justise Winslow PF Markieff Morris C Derrick Favors PG Tyler Johnson,,Tyreke Evans,G,6.50%,9.5
51,1265892555,delitax,0,266,C Nikola Jokic SF Josh Richardson SG Donovan Mitchell G Buddy Hield UTIL JJ Redick F Taj Gibson PF Marvin Bagley III PG Terry Rozier,,Spencer Dinwiddie,G,6.00%,31
52,1265980318,petermao,0,265.75,UTIL Hassan Whiteside C Rudy Gobert G Donovan Mitchell PG De'Aaron Fox F Nemanja Bjelica SF JJ Redick SG Spencer Dinwiddie PF Marvin Bagley III,,Karl-Anthony Towns,C,5.50%,66.75
53,1265947373,thepr0phet,0,265,C Andre Drummond UTIL Nikola Vucevic SG Derrick Rose F Domantas Sabonis SF Gordon Hayward PF Marvin Bagley III PG Ish Smith G Terry Rozier,,Evan Fournier,SG,5.00%,35
54,1265855783,zachstock,0,264.25,C Nikola Jokic UTIL Jamal Murray PG Donovan Mitchell SG Kent Bazemore G Joe Ingles SF JJ Redick PF Taj Gibson F Trey Lyles,,Reggie Jackson,SG,4.50%,19.5
54,1265942818,pete1616,0,264.25,UTIL Joel Embiid C Hassan Whiteside SG Josh Richardson SF Justise Winslow G D.J. Augustin F DeAndre' Bembry PG Tyler Johnson PF Omari Spellman,,Dario Saric,SF,4.50%,33.75
54,1265955873,rtorre13,0,264.25,C Rudy Gobert SF Caris LeVert G De'Aaron Fox SG Buddy Hield PF Domantas Sabonis PG D'Angelo Russell UTIL Otto Porter Jr. F Jaylen Brown,,Thaddeus Young,UTIL,4.50%,10
57,1265981441,hulk288,0,264,C Joel Embiid PG Ben Simmons SG Derrick Rose G Gary Harris SF Robert Covington F Juancho Hernangómez UTIL Monte Morris PF Wilson Chandler,,Jae Crowder,PF,4.50%,39
58,1265926250,ezrapound,0,263.75,G Kemba Walker SG Josh Richardson UTIL De'Aaron Fox F Kent Bazemore PF Justise Winslow C Jarrett Allen SF Jaylen Brown PG Terry Rozier,,Marcus Morris,SF,4.00%,29.25
59,1265985207,cundo11sac,0,263.5,C Joel Embiid UTIL Donovan Mitchell G De'Aaron Fox SF Justise Winslow PF Robert Covington F Trey Lyles SG Tyreke Evans PG Terry Rozier,,Ish Smith,PG,4.00%,18.75
59,1266007409,gabson005,0,263.5,SF Ben Simmons C Rudy Gobert PG Jamal Murray SG Buddy Hield PF Jayson Tatum G Jaylen Brown F Iman Shumpert UTIL Ed Davis,,Mason Plumlee,UTIL,3.50%,10.75
61,1265928058,BBeery20,0,263.25,SF Ben Simmons C Andre Drummond UTIL Reggie Jackson PF Justise Winslow SG Gordon Hayward F Taj Gibson G Tyler Johnson PG Terry Rozier,,Iman Shumpert,F,3.50%,26
62,1265824247,jasonc617,0,262.5,UTIL Andre Drummond SF Caris LeVert PG De'Aaron Fox C Willie Cauley-Stein SG Evan Fournier PF Taj Gibson F Derrick Favors G Langston Galloway,,Jeremy Lamb,SF,3.50%,29.25
63,1265975767,JermFish,0,262.25,C Andre Drummond SG Josh Richardson G Donovan Mitchell PG De'Aaron Fox PF Justise Winslow F Taj Gibson UTIL D.J. Augustin SF Stanley Johnson,,Terrence Ross,SG,3.50%,27.75
64,1265924227,ryfried,0,262,C Andre Drummond G John Wall UTIL Rudy Gobert PF Justise Winslow F Taj Gibson SG Tyler Johnson PG Terry Rozier SF Wayne Ellington,,Joe Ingles,G,3.50%,49.75
65,1265846248,guthrie0024,0,261.75,UTIL Nikola Jokic F Jimmy Butler G De'Aaron Fox C Willie Cauley-Stein PF Otto Porter Jr. SF Thaddeus Young PG Terry Rozier SG Wayne Ellington,,Bradley Beal,SG,3.50%,47.5
65,1265954633,GeneFunk,0,261.75,C Karl-Anthony Towns PF Aaron Gordon G Trae Young SG Donovan Mitchell UTIL Ricky Rubio SF Gordon Hayward PG Terry Rozier F Semi Ojeleye,,Marcus Smart,PG,3.50%,38.75
67,1265842381,Dpowell201,0,261,G Jamal Murray PG De'Aaron Fox UTIL Derrick Rose SF Nicolas Batum C Al Horford SG D'Angelo Russell F Nemanja Bjelica PF Jae Crowder,,Paul Millsap,PF,3.00%,26.75
68,1265863372,bigone,0,260.5,PF Aaron Gordon PG Trae Young G De'Aaron Fox C Domantas Sabonis F Rodney McGruder SG D'Angelo Russell SF Nemanja Bjelica UTIL Derrick Favors,,Markelle Fultz,PG,3.00%,18.25
69,1265860775,popz82,0,260.25,C Joel Embiid PG De'Aaron Fox SG Derrick Rose SF Evan Fournier PF Justise Winslow F Jeremy Lamb UTIL Bam Adebayo G Jonathon Simmons,,Mohamed Bamba,UTIL,3.00%,26
70,1265882302,primetimepoolie,0,260,PG Trae Young G Donovan Mitchell SG Derrick Rose C Domantas Sabonis SF Jayson Tatum UTIL D'Angelo Russell PF Robert Covington F Gordon Hayward,,Nicolas Batum,SF,3.00%,14.5
71,1265984921,Gingerdeadman,0,259.5,PG Kemba Walker G Josh Richardson UTIL Caris LeVert C Willie Cauley-Stein SF Robert Covington PF Taj Gibson F Omari Spellman SG Terry Rozier,,Rodney McGruder,F,3.00%,26
72,1265888705,jennypenny222,0,259.25,C Karl-Anthony Towns PG Donovan Mitchell G Derrick Rose F Evan Fournier UTIL Dwight Howard SF Otto Porter Jr. PF Taj Gibson SG Tyler Johnson,,Ed Davis,PF,3.00%,11.5
72,1265957199,SWOLLKINS,0,259.25,C Joel Embiid PG Donovan Mitchell G De'Aaron Fox PF Domantas Sabonis UTIL Dwight Howard F Marvin Bagley III SG Tyler Johnson SF Wayne Ellington,,Juancho Hernangómez,SF,3.00%,4.5
74,1265925749,Hutchins00,0,259,UTIL Nikola Vucevic G De'Aaron Fox F Jayson Tatum PF Al Horford C Dwight Howard SG Kent Bazemore SF Nemanja Bjelica PG Spencer Dinwiddie,,Langston Galloway,G,2.50%,24.75
75,1265825314,3grtkids,0,258.75,PF Aaron Gordon UTIL De'Aaron Fox SG Buddy Hield C Willie Cauley-Stein F Evan Fournier G Kent Bazemore SF JJ Redick PG Terry Rozier,,Markieff Morris,PF,2.50%,16.75
76,1265878905,March1,0,258.5,PG Jamal Murray G De'Aaron Fox UTIL Willie Cauley-Stein SF Nicolas Batum PF Jayson Tatum F Al Horford C Jarrett Allen SG Gordon Hayward,,Bojan Bogdanovic,UTIL,2.50%,24.5
77,1265897082,BenHoopin210,0,258,C Andre Drummond SF Aaron Gordon PG Derrick Rose SG Evan Fournier PF Domantas Sabonis F Taj Gibson UTIL Trey Lyles G Jerian Grant,,Myles Turner,UTIL,2.50%,18
78,1265942118,rittscracker,0,257.25,F Aaron Gordon UTIL Josh Richardson SG Donovan Mitchell PF Domantas Sabonis C Dwight Howard G D'Angelo Russell SF Terrence Ross PG Terry Rozier,,Kevin Huerter,SG,1.50%,14
78,1265948347,paperguy1101,0,257.25,PF Blake Griffin C Karl-Anthony Towns SG Donovan Mitchell F Nemanja Bjelica SF Gordon Hayward G Joe Harris PG Terry Rozier UTIL Ed Davis,,Dewayne Dedmon,PF,1.50%,24.25
78,1266002424,anthonyfarrish33,0,257.25,PG Ben Simmons SG Buddy Hield UTIL Willie Cauley-Stein G Andrew Wiggins F Jayson Tatum SF Joe Ingles PF Marvin Bagley III C Mohamed Bamba,,Alec Burks,UTIL,1.50%,6.5
81,1265932367,ucme47,0,256.5,C Joel Embiid PG De'Aaron Fox SG Derrick Rose UTIL Domantas Sabonis SF Taurean Prince PF Derrick Favors F Marvin Bagley III G Tyreke Evans,,Miles Bridges,F,1.50%,22.25
82,1265919163,allsaenz,0,255.75,PF Blake Griffin C Nikola Jokic SF Marcus Morris PG Reggie Jackson F Nemanja Bjelica UTIL Taj Gibson G D.J. Augustin SG Langston Galloway,,Kyrie Irving,UTIL,1.50%,0
83,1265845452,drell7182,0,254.5,SF Ben Simmons PG Derrick Rose G Ricky Rubio C Dwight Howard F Rodney McGruder UTIL JJ Redick SG Gordon Hayward PF Taj Gibson,,Landry Shamet,UTIL,1.00%,9
83,1265866801,PittsBurghSteeler19,0,254.5,C Rudy Gobert PF Aaron Gordon PG Donovan Mitchell F Domantas Sabonis G Joe Ingles SF Robert Covington UTIL Otto Porter Jr. SG Jaylen Brown,,Tony Parker,G,1.00%,11.5
85,1265895014,boilerfan17,0,253.25,G John Wall C Hassan Whiteside UTIL Aaron Gordon PG Derrick Rose F Kent Bazemore PF Trey Lyles SG Marcus Smart SF Wayne Ellington,,Kelly Oubre Jr.,SF,1.00%,29
85,1265923180,jojo218,0,253.25,UTIL Victor Oladipo C Hassan Whiteside SF Aaron Gordon SG Derrick Rose PF Justise Winslow F Taj Gibson PG Tyler Johnson G Wayne Ellington,,Bam Adebayo,UTIL,1.00%,3.75
85,1265958771,saintsfan,0,253.25,PF Aaron Gordon F Caris LeVert SG Buddy Hield C Willie Cauley-Stein G Derrick Rose SF Dario Saric PG Terry Rozier UTIL Wayne Ellington,,Jonathon Simmons,G,1.00%,9.25
85,1265983157,jmegill,0,253.25,C Andre Drummond UTIL Bradley Beal PF Aaron Gordon PG Trae Young F Taj Gibson G Tyler Johnson SG Terry Rozier SF Wayne Ellington,,Darren Collison,G,1.00%,32.25
89,1265871448,Nycsourdiesel,0,252.75,PF Blake Griffin C Andre Drummond F Buddy Hield SG Derrick Rose G Tyler Johnson PG Langston Galloway UTIL Terry Rozier SF Wayne Ellington,,Glenn Robinson III,SF,1.00%,18.75
90,1265984084,Richardkc,0,252.25,UTIL Ben Simmons SG Bradley Beal SF Josh Richardson C Domantas Sabonis G Kent Bazemore PF Derrick Favors F Tyreke Evans PG Darren Collison,,Cory Joseph,UTIL,1.00%,23.75
91,1265851054,babyace0202,0,251.5,PF Blake Griffin SG Jamal Murray G Derrick Rose PG D'Angelo Russell F Robert Covington C Jarrett Allen UTIL Otto Porter Jr. SF Kelly Oubre Jr.,,Guillermo Hernangómez,UTIL,1.00%,25.5
91,1265952681,TDSERS,0,251.5,C Andre Drummond PG Trae Young UTIL Donovan Mitchell SG D'Angelo Russell SF Justise Winslow F Taj Gibson PF Derrick Favors G Terry Rozier,,Jeremy Lin,G,1.00%,35.75
93,1266008395,jason103,0,251.25,C Blake Griffin PG De'Aaron Fox UTIL Willie Cauley-Stein SG Nicolas Batum SF Joe Ingles G JJ Redick PF Derrick Favors F Iman Shumpert,,DeMarre Carroll,SF,1.00%,11.5
94,1265979645,rmsch15,0,251,SF Ben Simmons C Nikola Vucevic SG Donovan Mitchell F Kent Bazemore UTIL Otto Porter Jr. PF Marvin Bagley III G Tyler Johnson PG Terry Rozier,,Monte Morris,G,1.00%,28
95,1265928456,KingKobs,0,250.75,PG Victor Oladipo C Nikola Vucevic F Aaron Gordon SG Derrick Rose UTIL Taj Gibson SF Trey Lyles G D.J. Augustin PF Mason Plumlee,,DeAndre' Bembry,SF,1.00%,11.25
96,1265878135,amcubs12,0,250.25,SG Victor Oladipo C Rudy Gobert UTIL Aaron Gordon PG De'Aaron Fox F Thaddeus Young PF Taj Gibson SF Trey Lyles G D.J. Augustin,,Jeff Green,PF,0.50%,20.75
96,1265938189,IAMTHEDONKEYHERDER,0,250.25,C Nikola Jokic UTIL Nikola Vucevic PG Jamal Murray SG Kent Bazemore SF JJ Redick PF Paul Millsap G D.J. Augustin F Marvin Bagley III,,Reggie Bullock,G,0.50%,23.75
98,1265915894,mattstetz22,0,249.5,C Nikola Vucevic PG De'Aaron Fox F Evan Fournier PF Al Horford UTIL Dwight Howard G Gary Harris SF Justise Winslow SG Terry Rozier,,C.J. Williams,F,0.50%,6.75
99,1265936389,jayraceball,0,249.25,UTIL Blake Griffin G Donovan Mitchell PG Derrick Rose PF Jayson Tatum SF Rodney McGruder SG Gordon Hayward F Derrick Favors C Mohamed Bamba,,Alex Len,C,0.50%,5
100,1265959002,DJsportsbets,0,249,PF Blake Griffin C Nikola Jokic F Andrew Wiggins SF Justise Winslow SG JJ Redick G Spencer Dinwiddie UTIL Tyler Johnson PG Terry Rozier,,Allen Crabbe,G,0.50%,11.5
101,1265886739,3mac7,0,248,UTIL Rudy Gobert PF Aaron Gordon F Caris LeVert PG De'Aaron Fox C Willie Cauley-Stein SF Justise Winslow SG Gordon Hayward G Wayne Ellington,,Rondae Hollis-Jefferson,C,0.50%,19.25
102,1265854831,kinger251,0,247.75,C Joel Embiid PG Ben Simmons SF Marcus Morris SG Gary Harris UTIL Thaddeus Young F Trey Lyles G Reggie Bullock PF Ed Davis,,Josh Okogie,SG,0.50%,9
103,1265934014,d_scott87,0,247.25,PG Victor Oladipo SF Josh Richardson F Caris LeVert G Buddy Hield PF Justise Winslow UTIL Myles Turner C Derrick Favors SG Terry Rozier,,Jerian Grant,G,0.50%,24.25
104,1265866580,mr.forty4,0,246.75,SF Josh Richardson SG Jamal Murray G De'Aaron Fox C Willie Cauley-Stein PG Derrick Rose F Markieff Morris PF Taj Gibson UTIL Terry Rozier,,Marvin Williams,PF,0.50%,8.25
104,1266007391,nasty1414,0,246.75,C Joel Embiid PG Derrick Rose F Nicolas Batum SF Kent Bazemore SG D'Angelo Russell PF Otto Porter Jr. G Bojan Bogdanovic UTIL Ish Smith,,Michael Kidd-Gilchrist,PF,0.50%,31.5
106,1265974809,Wolverine2128,0,246,UTIL Andre Drummond C Nikola Jokic F Josh Richardson SG Derrick Rose SF Rodney McGruder PG Tyler Johnson G Alec Burks PF Jarell Martin,,Joe Harris,G,0.50%,17.5
106,1266011865,GETTINSOME,0,246,C Andre Drummond G Victor Oladipo SG Donovan Mitchell F Caris LeVert PF Taj Gibson PG Terry Rozier UTIL Mason Plumlee SF Wayne Ellington,,Amir Johnson,PF,0.50%,10
108,1265867962,poopballer23,0,245.5,PF Aaron Gordon F Josh Richardson G Donovan Mitchell PG De'Aaron Fox C Dwight Howard SF Taurean Prince UTIL Spencer Dinwiddie SG Terry Rozier,,Semi Ojeleye,F,0.50%,3.5
108,1265950158,DLawson2,0,245.5,PF Blake Griffin SF Caris LeVert UTIL Domantas Sabonis PG Ricky Rubio C Al Horford F Dario Saric SG Terrence Ross G D.J. Augustin,,Tomas Satoransky,UTIL,0.50%,1
110,1265901604,bezerrinho209,0,245,UTIL Andre Drummond PG John Wall C Dwight Howard SG Gary Harris G D'Angelo Russell SF Gordon Hayward PF Dario Saric F Wayne Ellington,,Wes Iwundu,G,0.50%,6.25
110,1265913673,RAILSPLITTERNATION,0,245,SG Bradley Beal C Rudy Gobert UTIL Aaron Gordon PG Donovan Mitchell G De'Aaron Fox SF Otto Porter Jr. PF Mason Plumlee F Ed Davis,,Kyle O'Quinn,F,0.50%,0
112,1265971108,meme45,0,244.75,PG Victor Oladipo PF Aaron Gordon SG Derrick Rose F Jayson Tatum SF Kent Bazemore G JJ Redick C Paul Millsap UTIL Tyreke Evans,,Jarell Martin,PF,0.50%,-0.5
113,1265936126,1clippers,0,244.25,G Victor Oladipo UTIL Donovan Mitchell PG Derrick Rose C Domantas Sabonis SF Taurean Prince PF Justise Winslow SG Jeremy Lamb F Trey Lyles,,Stanley Johnson,SF,0.50%,41.75
113,1265950100,calferman,0,244.25,UTIL Rudy Gobert PG Donovan Mitchell SF Caris LeVert G Ricky Rubio PF Jayson Tatum C Dwight Howard F Taj Gibson SG Jaylen Brown,,Wilson Chandler,PF,0.50%,18.25
115,1265904338,jcassius76,0,244,C Joel Embiid PF Blake Griffin PG Trae Young SG Donovan Mitchell F Wayne Ellington G Jeremy Lin SF DeMarre Carroll UTIL Kevin Huerter,,,
116,1265941850,rickeyedwards2006,0,243.5,G Ben Simmons UTIL Trae Young SG Donovan Mitchell PG Derrick Rose F Robert Covington SF Gordon Hayward PF Marvin Bagley III C Mohamed Bamba,,,
117,1265830003,WeReadyATL,0,243.25,UTIL Andre Drummond PG John Wall F Buddy Hield C Dwight Howard PF Robert Covington G D.J. Augustin SG Terry Rozier SF Wayne Ellington,,,
118,1265885031,Murdahewrote18,0,242.5,G Victor Oladipo SF Josh Richardson SG Donovan Mitchell C Al Horford UTIL Justise Winslow PF Nemanja Bjelica PG Terry Rozier F Mason Plumlee,,,
119,1265895061,theoneandonly_d,0,242.25,UTIL Andre Drummond PG John Wall F Caris LeVert C Dwight Howard PF Otto Porter Jr. SG Tyler Johnson G Terry Rozier SF Wayne Ellington,,,
119,1265963425,r.turney,0,242.25,PF Blake Griffin UTIL Hassan Whiteside G De'Aaron Fox C Dwight Howard SF Otto Porter Jr. F Dario Saric PG Terry Rozier SG Wayne Ellington,,,
121,1266004000,FatJesus301,0,241.75,UTIL Andre Drummond SF Aaron Gordon G De'Aaron Fox C Dwight Howard F Taurean Prince PF Nemanja Bjelica PG Terry Rozier SG Wayne Ellington,,,
122,1265916767,nayr87thurston,0,241.5,C Nikola Jokic SF Caris LeVert SG Buddy Hield PG Derrick Rose G Kent Bazemore F JJ Redick UTIL Markieff Morris PF Marvin Williams,,,
122,1265939908,BaccaB1028,0,241.5,C Rudy Gobert UTIL Aaron Gordon SG Donovan Mitchell PG Derrick Rose SF Kent Bazemore F Taurean Prince PF Derrick Favors G Terry Rozier,,,
124,1265828257,slimswim,0,240.75,C Karl-Anthony Towns SG Jimmy Butler PG Derrick Rose SF Andrew Wiggins G JJ Redick PF Taj Gibson UTIL Spencer Dinwiddie F Trey Lyles,,,
124,1265886404,FreeDizzle982,0,240.75,UTIL Aaron Gordon F Josh Richardson PG Donovan Mitchell G De'Aaron Fox SF Justise Winslow PF Robert Covington C Rondae Hollis-Jefferson SG Terry Rozier,,,
126,1265924941,Pwhalen250,0,240.5,PF Blake Griffin F Aaron Gordon SG Josh Richardson C Domantas Sabonis SF Justise Winslow G D.J. Augustin UTIL Derrick Favors PG Marcus Smart,,,
127,1265886163,SpinalTapp,0,240.25,C Andre Drummond SG Bradley Beal G Jamal Murray PG De'Aaron Fox PF Taj Gibson SF Trey Lyles UTIL D.J. Augustin F Wayne Ellington,,,
128,1265858814,Cheesewiz100,0,240,PG John Wall SF Caris LeVert SG Derrick Rose PF Al Horford C Dwight Howard F JJ Redick UTIL Gordon Hayward G Jaylen Brown,,,
128,1265932354,brandonce,0,240,PG Victor Oladipo SG Jimmy Butler G Donovan Mitchell SF Jayson Tatum PF Al Horford F Marvin Bagley III UTIL Tyreke Evans C Mohamed Bamba,,,
130,1265846099,DaneWin11,0,239.75,PG Victor Oladipo C Hassan Whiteside UTIL Rudy Gobert SG Nicolas Batum SF Marcus Morris F Marvin Bagley III PF Omari Spellman G Tony Parker,,,
130,1265932905,tdesire,0,239.75,UTIL Nikola Jokic SG Donovan Mitchell PG Derrick Rose C Al Horford G Kent Bazemore F Nemanja Bjelica SF DeAndre' Bembry PF Marvin Bagley III,,,
132,1265852435,triplejay2000,0,239.5,PF Blake Griffin G Victor Oladipo UTIL Al Horford F Kent Bazemore SG Spencer Dinwiddie SF Trey Lyles C Derrick Favors PG Terry Rozier,,,
132,1265918607,tester11b,0,239.5,SF Aaron Gordon SG Jamal Murray UTIL Donovan Mitchell PG Derrick Rose C Al Horford F Justise Winslow PF Trey Lyles G Terry Rozier,,,
134,1265930192,randon_15,0,239.25,C Andre Drummond UTIL Hassan Whiteside SF Buddy Hield PF Al Horford SG Kent Bazemore F Taj Gibson PG Terry Rozier G Wayne Ellington,,,
135,1265906337,jphilly105,0,239,G Jimmy Butler C Rudy Gobert SG Donovan Mitchell PF Domantas Sabonis SF Kent Bazemore UTIL Paul Millsap F Marvin Bagley III PG Terry Rozier,,,
136,1265847999,dpasson20,0,238.5,C Andre Drummond SF Jimmy Butler PG Derrick Rose G Ricky Rubio F Justise Winslow PF Taj Gibson UTIL Tyler Johnson SG Wayne Ellington,,,
137,1265891193,rlyles99,0,238,PG Kemba Walker C Willie Cauley-Stein SG Derrick Rose SF Evan Fournier F Kent Bazemore UTIL Robert Covington PF Derrick Favors G Jaylen Brown,,,
138,1265916277,kelsdawg13,0,237.5,C Blake Griffin PG De'Aaron Fox SG Derrick Rose PF Domantas Sabonis SF Robert Covington UTIL Otto Porter Jr. F Taj Gibson G Langston Galloway,,,
139,1265876411,Dvni24,0,237,C Blake Griffin SG Josh Richardson PF Domantas Sabonis F Al Horford UTIL Justise Winslow SF JJ Redick PG Tyler Johnson G Terry Rozier,,,
140,1265873800,jp815,0,236,PF Blake Griffin C Andre Drummond UTIL Hassan Whiteside PG Spencer Dinwiddie G Terrence Ross F Trey Lyles SG Tyler Johnson SF Juancho Hernangómez,,,
141,1266013076,CbusDawg,0,235.5,UTIL Andre Drummond F Aaron Gordon PG De'Aaron Fox PF Domantas Sabonis C Dwight Howard SF Taurean Prince G Tyler Johnson SG Wayne Ellington,,,
142,1265916030,ef87tz,0,234.25,C Blake Griffin PF Aaron Gordon G De'Aaron Fox SF Buddy Hield F Nemanja Bjelica UTIL Taj Gibson PG D.J. Augustin SG Wayne Ellington,,,
143,1265921023,futbolsucs,0,234,C Hassan Whiteside SF Josh Richardson G Buddy Hield UTIL Willie Cauley-Stein PG Derrick Rose PF Justise Winslow F Taj Gibson SG Wayne Ellington,,,
144,1265958389,wrestlerama,0,233.25,PF Blake Griffin PG John Wall F Caris LeVert C Dwight Howard SF Otto Porter Jr. UTIL Omari Spellman G Terry Rozier SG Wayne Ellington,,,
145,1265999468,Strunkified,0,233,PG Victor Oladipo SG Jamal Murray SF Jayson Tatum PF Al Horford G Reggie Jackson UTIL Kent Bazemore F JJ Redick C Dewayne Dedmon,,,
146,1265972007,kcampbell3324,0,232.5,UTIL Andre Drummond C Nikola Jokic PG Donovan Mitchell SG Gary Harris SF Nemanja Bjelica PF Marvin Bagley III G Wayne Ellington F Ed Davis,,,
147,1265982980,Ptownplaya2020,0,231.25,F Blake Griffin PG Derrick Rose SF Evan Fournier PF Jayson Tatum C Dwight Howard UTIL JJ Redick G Gordon Hayward SG Tyreke Evans,,,
148,1265964856,Ryanquiles,0,231,UTIL Nikola Jokic SG Victor Oladipo F Andrew Wiggins C Dwight Howard SF Robert Covington PF Otto Porter Jr. PG Terry Rozier G Wayne Ellington,,,
149,1265966616,pokey1,0,230.5,F Blake Griffin SG Jimmy Butler SF Buddy Hield C Willie Cauley-Stein PF Taj Gibson G D.J. Augustin PG Terry Rozier UTIL Mason Plumlee,,,
150,1265981710,cbolin225,0,229.5,SF Ben Simmons PG Trae Young SG Derrick Rose F Taurean Prince UTIL Justise Winslow G JJ Redick PF Taj Gibson C Myles Turner,,,
151,1265921879,RunOKC,0,229.25,C Andre Drummond G Trae Young PG De'Aaron Fox SG Derrick Rose UTIL Andrew Wiggins SF Robert Covington PF Omari Spellman F Miles Bridges,,,
152,1265826179,dumbdefdookie11,0,229,PF Blake Griffin C Andre Drummond SG D'Angelo Russell SF Justise Winslow UTIL Taj Gibson G Spencer Dinwiddie PG Markelle Fultz F Marvin Bagley III,,,
153,1265830104,rasta49er,0,227.5,PG John Wall SG Jimmy Butler SF Caris LeVert C Jarrett Allen F Otto Porter Jr. PF Markieff Morris UTIL Thaddeus Young G Jaylen Brown,,,
154,1265894164,stndmnky,0,227.25,C Blake Griffin PG Victor Oladipo PF Aaron Gordon SF Trey Lyles G D.J. Augustin F Omari Spellman SG Josh Okogie UTIL Cory Joseph,,,
155,1265933831,rdbroughton,0,227,PG Ben Simmons SG Victor Oladipo SF Marcus Morris G Gary Harris PF Justise Winslow C Myles Turner F Jaylen Brown UTIL Tony Parker,,,
156,1265884634,JDubzz23,0,226.5,C Blake Griffin SG Derrick Rose PG Ricky Rubio PF Al Horford SF Kent Bazemore G JJ Redick F Jeremy Lamb UTIL Taj Gibson,,,
157,1265882735,gklopfer,0,224,UTIL Blake Griffin PG John Wall G Derrick Rose F Domantas Sabonis PF Taj Gibson SG Markelle Fultz C Alex Len SF Glenn Robinson III,,,
158,1265972571,mjwfu,0,221.5,F Blake Griffin UTIL Andre Drummond C Willie Cauley-Stein SF Robert Covington G Gordon Hayward PF Taj Gibson PG Tyler Johnson SG Tyreke Evans,,,
158,1265991975,jboy270,0,221.5,C Blake Griffin SF Jimmy Butler UTIL Donovan Mitchell SG Derrick Rose F Gordon Hayward PG Terry Rozier PF Juancho Hernangómez G Wayne Ellington,,,
160,1265955017,17mkeller,0,221,UTIL Kemba Walker PG De'Aaron Fox SF Andrew Wiggins SG Gary Harris G Kent Bazemore C Jarrett Allen F JJ Redick PF Taj Gibson,,,
160,1265955026,Patsfan_13,0,221,G Victor Oladipo PG Trae Young C Willie Cauley-Stein SG Kent Bazemore F Taurean Prince SF Nemanja Bjelica UTIL Gordon Hayward PF Taj Gibson,,,
160,1265970268,mccubbint,0,221,PF Blake Griffin UTIL Andre Drummond PG Derrick Rose C Dwight Howard SF Justise Winslow G D.J. Augustin F Wayne Ellington SG Iman Shumpert,,,
163,1265920482,matt414,0,220.5,C Andre Drummond UTIL Hassan Whiteside SG Jamal Murray G Ricky Rubio SF Taurean Prince F Terrence Ross PG Ish Smith PF Juancho Hernangómez,,,
164,1265944252,brandoherm,0,220.25,C Rudy Gobert SG Donovan Mitchell SF Andrew Wiggins PF Marcus Morris G Gary Harris PG Reggie Jackson F Joe Ingles UTIL Nemanja Bjelica,,,
165,1265896398,SOUTHSIDE4-1TX,0,219.5,UTIL Blake Griffin SG Victor Oladipo PG Donovan Mitchell G Reggie Jackson C Paul Millsap F Trey Lyles PF Derrick Favors SF Wayne Ellington,,,
166,1265925144,jeffcross13,0,218.75,C Nikola Vucevic PG Trae Young G Ricky Rubio UTIL Dwight Howard SG Kent Bazemore SF Taurean Prince PF Robert Covington F Jae Crowder,,,
166,1266014893,ElTejano66,0,218.75,UTIL Aaron Gordon F Caris LeVert C Willie Cauley-Stein PF Al Horford PG Reggie Jackson SG Kent Bazemore SF Nemanja Bjelica G JJ Redick,,,
168,1265835050,mikemakeitnasty,0,217.75,C Blake Griffin UTIL Donovan Mitchell PG Derrick Rose SF Taurean Prince SG JJ Redick F Jeremy Lamb PF Taj Gibson G Markelle Fultz,,,
169,1265861966,timmyhana,0,217,G Kemba Walker C Rudy Gobert PG Donovan Mitchell SF Andrew Wiggins PF Jayson Tatum SG Gary Harris UTIL Alec Burks F Miles Bridges,,,
170,1265971232,caricatures,0,215.75,PF Blake Griffin SG Donovan Mitchell PG Ricky Rubio C Dwight Howard SF Justise Winslow UTIL Terrence Ross F Trey Lyles G Tyler Johnson,,,
171,1265887929,JCarradero,0,215.25,PF Blake Griffin G Jamal Murray UTIL Donovan Mitchell SG Buddy Hield F Justise Winslow C Derrick Favors PG Terry Rozier SF Juancho Hernangómez,,,
171,1265962751,clamb35,0,215.25,UTIL Victor Oladipo PG Trae Young SF Caris LeVert G Derrick Rose C Dwight Howard SG JJ Redick PF Marvin Bagley III F Tyreke Evans,,,
173,1266008399,gooey911,0,214.75,PF Blake Griffin F Josh Richardson UTIL Willie Cauley-Stein PG Ricky Rubio C Dwight Howard SF Otto Porter Jr. SG Terry Rozier G Wayne Ellington,,,
174,1265871858,808PKRnut,0,214.25,C Nikola Vucevic PG Jamal Murray SG Derrick Rose G Reggie Jackson SF Kent Bazemore F Justise Winslow UTIL Robert Covington PF Taj Gibson,,,
175,1265870127,chendo,0,214,PG Kemba Walker G Victor Oladipo F Caris LeVert SG Gary Harris SF Kent Bazemore UTIL Thaddeus Young PF Dewayne Dedmon C Ed Davis,,,
175,1265987800,txkiller,0,214,C Blake Griffin SF Josh Richardson PG Derrick Rose F Taurean Prince UTIL Robert Covington PF Otto Porter Jr. G D.J. Augustin SG Terry Rozier,,,
177,1265890691,bubbagump1976,0,211.25,UTIL Andre Drummond PG John Wall PF Domantas Sabonis SF Andrew Wiggins C Dwight Howard G Tyreke Evans SG Terry Rozier F Wayne Ellington,,,
178,1265896882,rudydb1,0,210.75,F Blake Griffin SF Caris LeVert C Al Horford UTIL Dwight Howard PF Robert Covington G JJ Redick SG Spencer Dinwiddie PG Ish Smith,,,
179,1265987463,PiratesWorld,0,208.75,PF Blake Griffin C Andre Drummond SG Josh Richardson UTIL Nemanja Bjelica F Marvin Bagley III G Tyler Johnson PG Ish Smith SF Tyreke Evans,,,
180,1265932153,packerbackerdale,0,206.25,C Andre Drummond SF Jimmy Butler PG Kyrie Irving SG Derrick Rose F Taj Gibson UTIL Ish Smith G Tyreke Evans PF Michael Kidd-Gilchrist,,,
181,1265916229,finsup305,0,205.5,PF Blake Griffin SG Josh Richardson UTIL Derrick Rose G Rodney McGruder SF Justise Winslow F JJ Redick C Bam Adebayo PG Tyler Johnson,,,
182,1266003427,yupthats_jb,0,205.25,F Blake Griffin G Jimmy Butler PG Donovan Mitchell C Dwight Howard PF Robert Covington UTIL Taj Gibson SG Tyler Johnson SF Wayne Ellington,,,
183,1265951867,bustanutty,0,204.5,C Nikola Vucevic PG Trae Young SG Jamal Murray F Andrew Wiggins G Kent Bazemore SF Jae Crowder UTIL JJ Redick PF Taj Gibson,,,
184,1265978411,dbay177,0,204.25,F Blake Griffin C Andre Drummond SF Andrew Wiggins SG JJ Redick UTIL Thaddeus Young PF Taj Gibson G Tyler Johnson PG Terry Rozier,,,
185,1265834840,Milhouse55,0,204,C Nikola Vucevic G Josh Richardson PG De'Aaron Fox SG Buddy Hield F Andrew Wiggins SF Taurean Prince PF Robert Covington UTIL Wayne Ellington,,,
186,1265884752,DocQueso,0,203.25,PG John Wall UTIL Kyrie Irving F Aaron Gordon SG Rodney McGruder SF Taurean Prince C Jarrett Allen PF Otto Porter Jr. G Allen Crabbe,,,
187,1265932914,AndersonKeller4,0,203,SF Josh Richardson PG Jamal Murray SG Donovan Mitchell PF Domantas Sabonis UTIL Andrew Wiggins C Dwight Howard F Taj Gibson G Terry Rozier,,,
188,1266001725,barij21,0,202,UTIL Trae Young PG Donovan Mitchell F Domantas Sabonis C Al Horford G Gary Harris SG Kent Bazemore SF Justise Winslow PF Nemanja Bjelica,,,
189,1265964895,troygongaware,0,201.5,UTIL Blake Griffin C Dwight Howard SG Gary Harris G Kent Bazemore PG D'Angelo Russell PF Justise Winslow SF Nemanja Bjelica F JJ Redick,,,
190,1265891760,tam32001,0,201,G Kyrie Irving UTIL Willie Cauley-Stein PG Derrick Rose F Domantas Sabonis C Al Horford SG Kent Bazemore SF Nemanja Bjelica PF Taj Gibson,,,
191,1265995790,spiderseth,0,200.5,C Blake Griffin PG Trae Young SG Jamal Murray SF Caris LeVert F Taj Gibson PF Trey Lyles UTIL D.J. Augustin G Ish Smith,,,
192,1265921250,mlglade1,0,199.75,C Hassan Whiteside UTIL Rudy Gobert PG Trae Young SF Buddy Hield G Andrew Wiggins PF Otto Porter Jr. F Taj Gibson SG Wayne Ellington,,,
193,1265810505,Thepeacemaker,0,198,C Blake Griffin PG Ben Simmons SG Reggie Jackson G Kent Bazemore F Taurean Prince SF Robert Covington UTIL Mason Plumlee PF Jeff Green,,,
194,1265959055,darkchef,0,197.5,PF Blake Griffin C Andre Drummond SF Aaron Gordon PG Donovan Mitchell SG Derrick Rose UTIL Tomas Satoransky G Wes Iwundu F Kyle O'Quinn,,,
195,1265839587,Kcbball25rb,0,193.5,PG Kemba Walker SF Jimmy Butler PF Domantas Sabonis SG Andrew Wiggins C Dwight Howard UTIL Myles Turner F Jaylen Brown G Tyreke Evans,,,
195,1265943639,steele0114,0,193.5,UTIL Caris LeVert G De'Aaron Fox C Willie Cauley-Stein PG Ricky Rubio SF Andrew Wiggins SG Gary Harris F Taurean Prince PF Justise Winslow,,,
197,1265818750,ehow84,0,181.5,SF Jimmy Butler G Trae Young PG Jamal Murray F Andrew Wiggins C Dwight Howard PF Paul Millsap UTIL Gordon Hayward SG Jaylen Brown,,,
198,1265962523,cholden11,0,174.5,C Hassan Whiteside G Jamal Murray PG De'Aaron Fox F Nicolas Batum SG Andrew Wiggins SF Taurean Prince PF Thaddeus Young UTIL Markelle Fultz,,,
199,1265860855,dmorgan85,0,0,,,,
199,1265960826,wdice62,0,0,,,,
