﻿Rank,EntryId,EntryName,TimeRemaining,Points,Lineup,,Player,Roster Position,%Drafted,FPTS
1,1265825534,hazy44,0,331.25,C Nikola Jokic PG Donovan Mitchell G De'Aaron Fox SF Jayson Tatum F Jae Crowder PF Dario Saric SG Spencer Dinwiddie UTIL Terry Rozier,,Terry Rozier,UTIL,31.00%,36.5
2,1265742729,ballgame726,0,327.75,C Andre Drummond UTIL Nikola Jokic F Aaron Gordon SF Joe Ingles PF Dario Saric PG Spencer Dinwiddie G Darren Collison SG Reggie Bullock,,Derrick Rose,SG,30.00%,38
3,1265714920,stormland,0,325,UTIL Joel Embiid C Nikola Jokic SG Derrick Rose SF Gordon Hayward PG Spencer Dinwiddie G D.J. Augustin F Bojan Bogdanovic PF Michael Kidd-Gilchrist,,Taj Gibson,F,26.00%,22.75
4,1265918000,dublinking,0,310,C Nikola Jokic UTIL Karl-Anthony Towns PG De'Aaron Fox F Al Horford PF Otto Porter Jr. SF Dario Saric G Terry Rozier SG Wayne Ellington,,De'Aaron Fox,PG,24.50%,44
5,1265919960,jeffcross13,0,308.5,C Joel Embiid G Ben Simmons PF Aaron Gordon SF Gordon Hayward SG Terry Rozier UTIL Reggie Bullock PG Marcus Smart F Royce O'Neale,,Donovan Mitchell,G,23.50%,33
6,1266027084,dreamville1991,0,305.75,F Ben Simmons C Rudy Gobert UTIL Willie Cauley-Stein SF Jayson Tatum PF Marcus Morris G D.J. Augustin PG Terry Rozier SG Marcus Smart,,Andre Drummond,C,22.00%,48.25
6,1266038048,g8rmoye,0,305.75,C Andre Drummond SF Aaron Gordon PG Donovan Mitchell PF Domantas Sabonis G D'Angelo Russell SG Joe Ingles UTIL Darren Collison F Michael Kidd-Gilchrist,,Dwight Howard,UTIL,21.00%,20
8,1265750953,Dscheyder,0,299,C Nikola Jokic UTIL Karl-Anthony Towns SG Donovan Mitchell G De'Aaron Fox PF Derrick Favors F Marvin Bagley III PG Terry Rozier SF Wayne Ellington,,Blake Griffin,C,20.50%,34.75
9,1265860937,dmorgan85,0,298.75,UTIL Nikola Jokic C Karl-Anthony Towns SF Josh Richardson PF Nemanja Bjelica G JJ Redick F Gordon Hayward PG Terry Rozier SG Wayne Ellington,,Caris LeVert,SF,18.50%,31.5
10,1266005458,HunterO3,0,298.25,UTIL Nikola Jokic F Aaron Gordon G Jamal Murray SG Derrick Rose SF Jae Crowder PF Taj Gibson C Mohamed Bamba PG Terry Rozier,,Victor Oladipo,PG,18.00%,52.75
11,1266015527,slimjim93,0,296,UTIL Kemba Walker G Donovan Mitchell SF Caris LeVert F Jayson Tatum PG D'Angelo Russell C Jarrett Allen SG Spencer Dinwiddie PF Rondae Hollis-Jefferson,,Wayne Ellington,G,16.50%,10.5
12,1265786235,beamet,0,295.75,C Nikola Jokic G De'Aaron Fox F Buddy Hield UTIL Willie Cauley-Stein SG D'Angelo Russell PF Otto Porter Jr. SF Jaylen Brown PG Terry Rozier,,D'Angelo Russell,SG,16.50%,40
13,1265731061,evilchrisj,0,293.25,C Andre Drummond SG Bradley Beal PF Aaron Gordon PG Derrick Rose SF Evan Fournier UTIL Malik Monk F Stanley Johnson G Cory Joseph,,Buddy Hield,F,16.00%,34
13,1265778465,zto1234,0,293.25,C Andre Drummond SG Donovan Mitchell G De'Aaron Fox F Domantas Sabonis SF Justise Winslow UTIL Jarrett Allen PF Omari Spellman PG Terry Rozier,,Al Horford,PF,15.00%,28
15,1265770779,Drane,0,291.5,C Nikola Jokic SG Victor Oladipo PG Ricky Rubio SF Jayson Tatum PF Al Horford F Derrick Favors G Kelly Oubre Jr. UTIL Mason Plumlee,,Willie Cauley-Stein,UTIL,15.00%,32.75
16,1265791354,camslauter315,0,291,F Ben Simmons UTIL Nikola Jokic SG Derrick Rose C Dwight Howard PF Dario Saric G Jaylen Brown PG Terry Rozier SF Wayne Ellington,,Nikola Jokic,C,14.50%,72.75
17,1265835822,jakearntson,0,289.25,C Karl-Anthony Towns SG Jamal Murray SF Caris LeVert G Ricky Rubio PF Al Horford PG D'Angelo Russell F Paul Millsap UTIL Jeremy Lin,,Robert Covington,PF,14.00%,20.75
18,1265863343,ryanjchesterton,0,288.5,UTIL Karl-Anthony Towns C Nikola Vucevic PG Ricky Rubio F Al Horford SG Reggie Jackson SF JJ Redick PF Dario Saric G Spencer Dinwiddie,,Domantas Sabonis,C,14.00%,34.75
19,1265890516,sspiva1,0,288,F Blake Griffin C Andre Drummond UTIL Nikola Vucevic PF Taj Gibson PG Spencer Dinwiddie G Terry Rozier SG Marcus Smart SF Iman Shumpert,,Aaron Gordon,SF,13.50%,36.25
20,1265830153,jaredsliker,0,287.5,C Andre Drummond PG Kemba Walker PF Domantas Sabonis SG Joe Ingles F Dario Saric UTIL Myles Turner SF Bojan Bogdanovic G Malik Monk,,Justise Winslow,PF,13.50%,22
20,1266011354,kfoley8486,0,287.5,C Andre Drummond UTIL Victor Oladipo SG Derrick Rose SF Evan Fournier PF Jayson Tatum PG Tyler Johnson F Wayne Ellington G Jeremy Lin,,Kent Bazemore,SF,13.00%,14.25
22,1265918304,leehill,0,287.25,C Joel Embiid SF Caris LeVert G Gary Harris PG D'Angelo Russell UTIL Jarrett Allen SG JJ Redick F Dario Saric PF Trey Lyles,,Evan Fournier,F,12.00%,35
23,1265693027,SOUTHSIDE4-1TX,0,286.25,C Joel Embiid SF Ben Simmons SG D'Angelo Russell PF Robert Covington UTIL Paul Millsap F Taj Gibson PG D.J. Augustin G Kevin Huerter,,JJ Redick,SG,12.00%,26
24,1265715795,1DebraLover,0,286,PG Ben Simmons C Rudy Gobert G Donovan Mitchell SG Derrick Rose SF JJ Redick PF Taj Gibson F Kelly Oubre Jr. UTIL Michael Kidd-Gilchrist,,Nemanja Bjelica,F,12.00%,30.5
25,1265856276,n_deezy,0,285,C Nikola Jokic SF Caris LeVert PG De'Aaron Fox UTIL Willie Cauley-Stein G D'Angelo Russell F Nemanja Bjelica PF Markieff Morris SG Tyus Jones,,Otto Porter Jr.,SF,11.50%,17.75
26,1265766050,bluematt444,0,284,C Joel Embiid PF Aaron Gordon UTIL Trae Young SF Caris LeVert PG Tyler Johnson SG Terry Rozier G Marcus Smart F Wayne Ellington,,Spencer Dinwiddie,G,11.00%,31
27,1265975994,jtjackl13,0,283,PG John Wall C Rudy Gobert SG Derrick Rose SF Evan Fournier PF Justise Winslow G JJ Redick F Dario Saric UTIL Darren Collison,,Jimmy Butler,SG,10.50%,37.5
28,1265844448,Joemchutch,0,282.5,C Nikola Jokic F Caris LeVert PG De'Aaron Fox SG Derrick Rose UTIL Dwight Howard SF JJ Redick G Tyler Johnson PF Dewayne Dedmon,,Jayson Tatum,UTIL,9.50%,41.25
29,1266015977,CbusDawg,0,282,UTIL Nikola Jokic F Jimmy Butler G De'Aaron Fox PF Domantas Sabonis C Dwight Howard PG Tyler Johnson SG Terry Rozier SF Wayne Ellington,,Marvin Bagley III,PF,9.50%,12
30,1265743832,tommyn2,0,281.5,PG Donovan Mitchell SF Caris LeVert UTIL De'Aaron Fox C Willie Cauley-Stein SG Evan Fournier PF Domantas Sabonis G D'Angelo Russell F Omari Spellman,,Jamal Murray,PG,9.50%,27
30,1265994286,fiiftee,0,281.5,C Andre Drummond G Buddy Hield UTIL Willie Cauley-Stein SG Derrick Rose PF Nemanja Bjelica F Dario Saric SF Terrence Ross PG Terry Rozier,,Gary Harris,UTIL,9.50%,14
32,1265859899,gklopfer,0,281.25,G Victor Oladipo C Nikola Vucevic F Caris LeVert PG D'Angelo Russell SF Robert Covington UTIL Jae Crowder PF Taj Gibson SG Bojan Bogdanovic,,Trae Young,PG,9.50%,25.5
33,1265735694,Gunshow2425,0,280.75,UTIL Andre Drummond C Nikola Jokic PG De'Aaron Fox G Derrick Rose F Trey Lyles SF Jaylen Brown PF Omari Spellman SG Wayne Ellington,,Tyler Johnson,SG,9.50%,26
34,1265773310,Reedy96,0,280.5,F Ben Simmons G Donovan Mitchell UTIL De'Aaron Fox C Dwight Howard PG D'Angelo Russell SF Gordon Hayward PF Trey Lyles SG Terry Rozier,,Reggie Jackson,SG,9.00%,19.5
35,1265744917,matthewp3,0,280.25,C Karl-Anthony Towns SG Donovan Mitchell SF Caris LeVert PG De'Aaron Fox PF Al Horford G Spencer Dinwiddie F Tyreke Evans UTIL Terry Rozier,,D.J. Augustin,PG,8.50%,21.5
35,1265757815,TyDav11,0,280.25,PG Kemba Walker C Nikola Jokic SF Caris LeVert UTIL Kent Bazemore SG JJ Redick PF Marvin Bagley III F Michael Kidd-Gilchrist G Terry Rozier,,Taurean Prince,SF,8.50%,15.75
37,1266029667,xXxPLOSIVE,0,279.25,UTIL Karl-Anthony Towns G De'Aaron Fox SG Derrick Rose C Dwight Howard F Nemanja Bjelica SF Robert Covington PF Taj Gibson PG Terry Rozier,,Jarrett Allen,C,8.00%,44.25
38,1265732556,d_scott87,0,279,C Nikola Vucevic UTIL Rudy Gobert SF Caris LeVert SG Buddy Hield F Jayson Tatum PF Markieff Morris G Langston Galloway PG Terry Rozier,,Andrew Wiggins,G,8.00%,0
39,1265722403,monaschk,0,278.25,C Andre Drummond UTIL Aaron Gordon G De'Aaron Fox F Evan Fournier PF Nemanja Bjelica SF Robert Covington SG Terrence Ross PG Jeremy Lin,,Derrick Favors,PF,8.00%,23.5
40,1265737402,elolegend,0,278,PG Kemba Walker G Victor Oladipo C Willie Cauley-Stein SG Evan Fournier PF Robert Covington UTIL Spencer Dinwiddie F Terrence Ross SF Miles Bridges,,Gordon Hayward,SF,8.00%,26.75
41,1265720262,Chuck_Kelly13,0,276.5,C Nikola Jokic PG John Wall UTIL Karl-Anthony Towns F Justise Winslow SG Spencer Dinwiddie G D.J. Augustin SF Bogdan Bogdanovic PF Mason Plumlee,,Joel Embiid,C,7.50%,79
42,1265921937,thomasthekitty,0,276.25,C Andre Drummond G De'Aaron Fox UTIL Willie Cauley-Stein SG Derrick Rose SF Nemanja Bjelica PF Taj Gibson F Derrick Favors PG Terry Rozier,,Dario Saric,SF,7.50%,33.75
43,1265780127,jrbruce84,0,275.5,PF Aaron Gordon PG De'Aaron Fox SF Buddy Hield C Willie Cauley-Stein UTIL Derrick Rose F Al Horford SG Tyler Johnson G Terry Rozier,,Kyrie Irving,PG,7.00%,0
44,1265709467,PFerguson2010,0,274.75,G Ben Simmons PG Kemba Walker SF Taurean Prince UTIL Nemanja Bjelica F Robert Covington C Derrick Favors PF Omari Spellman SG Terry Rozier,,Ben Simmons,SF,7.00%,61.5
45,1266015458,johnmb,0,273.25,G Donovan Mitchell UTIL Caris LeVert F Buddy Hield PG Derrick Rose PF Domantas Sabonis SG D'Angelo Russell C Jarrett Allen SF Otto Porter Jr.,,Jae Crowder,SF,7.00%,39
46,1265998212,Sweetz17,0,272,PG Victor Oladipo SG Bradley Beal G Buddy Hield SF Kent Bazemore C Jarrett Allen F Jae Crowder UTIL Markieff Morris PF Derrick Favors,,Karl-Anthony Towns,UTIL,7.00%,66.75
47,1265848688,coreywood60,0,271.75,PF Blake Griffin C Rudy Gobert G Donovan Mitchell F Al Horford SF Nemanja Bjelica SG Tyler Johnson PG Terry Rozier UTIL Marcus Smart,,Nikola Vucevic,UTIL,7.00%,50
48,1265903994,BenHoopin210,0,271.25,PF Aaron Gordon G Buddy Hield PG Derrick Rose SF Evan Fournier C Domantas Sabonis SG D'Angelo Russell UTIL Nemanja Bjelica F Taj Gibson,,Hassan Whiteside,C,6.50%,45
49,1265977149,Wolverine2128,0,271,C Andre Drummond UTIL Nikola Jokic PG Victor Oladipo SF Rodney McGruder PF Taj Gibson SG Tyler Johnson G Wayne Ellington F Jared Dudley,,Josh Richardson,SG,6.50%,29
49,1266129354,dfididiidididi,0,271,C Andre Drummond F Jimmy Butler SG Buddy Hield SF Evan Fournier PF Taj Gibson G Spencer Dinwiddie PG Tyler Johnson UTIL Terry Rozier,,Tyreke Evans,G,6.50%,9.5
51,1266025854,mattlee910,0,270.5,PG Victor Oladipo C Rudy Gobert UTIL Derrick Rose PF Al Horford SF Rodney McGruder F Taj Gibson SG Spencer Dinwiddie G Terrence Ross,,Trey Lyles,F,6.50%,18.75
52,1265728216,mikeyb923,0,269.5,G John Wall UTIL Nikola Vucevic F Josh Richardson C Dwight Howard SF Robert Covington PF Taj Gibson SG Terry Rozier PG Marcus Smart,,Terrence Ross,SG,6.00%,27.75
52,1265806321,AJSWEET,0,269.5,SG Victor Oladipo PG De'Aaron Fox SF Buddy Hield C Willie Cauley-Stein PF Al Horford F Taj Gibson UTIL Trey Lyles G Terry Rozier,,Rudy Gobert,C,6.00%,44.25
52,1265955188,wilkerson_rich,0,269.5,UTIL Karl-Anthony Towns PF Aaron Gordon SF Buddy Hield G Derrick Rose C Dwight Howard F Marvin Bagley III PG Tyler Johnson SG Terry Rozier,,Marcus Smart,G,6.00%,38.75
55,1265708037,aronowm2,0,269,PG John Wall C Hassan Whiteside UTIL Derrick Rose PF Domantas Sabonis F Kent Bazemore SF Robert Covington SG Terry Rozier G Monte Morris,,Bradley Beal,SG,5.50%,47.5
56,1265764329,mmunnco,0,268.75,C Nikola Jokic SG Victor Oladipo SF Caris LeVert PG Derrick Rose PF Taj Gibson UTIL Trey Lyles G D.J. Augustin F Mason Plumlee,,Ricky Rubio,UTIL,5.50%,33.5
57,1265715063,Macman26,0,268,UTIL Nikola Jokic PG De'Aaron Fox G Buddy Hield SG Derrick Rose C Domantas Sabonis PF Justise Winslow F Marvin Bagley III SF Wayne Ellington,,Omari Spellman,PF,5.50%,30.5
57,1265771142,chriscw2011,0,268,UTIL Rudy Gobert PG Jamal Murray C Willie Cauley-Stein F Evan Fournier PF Domantas Sabonis SG D'Angelo Russell SF Otto Porter Jr. G Terry Rozier,,Kemba Walker,PG,5.00%,55.75
59,1265997117,Blizzaro,0,267.75,C Andre Drummond UTIL Nikola Jokic SF Caris LeVert SG Gary Harris F Gordon Hayward PG Spencer Dinwiddie PF Trey Lyles G Langston Galloway,,Mason Plumlee,F,5.00%,10.75
60,1266008821,bladehaze,0,267.25,UTIL Nikola Jokic SG Donovan Mitchell PG De'Aaron Fox PF Domantas Sabonis C Dwight Howard F Taurean Prince G Terry Rozier SF Wayne Ellington,,Michael Kidd-Gilchrist,PF,5.00%,31.5
61,1265964864,Elway1998,0,267,UTIL Andre Drummond G Trae Young SG Donovan Mitchell C Jarrett Allen F Jae Crowder SF Otto Porter Jr. PF Taj Gibson PG Terry Rozier,,John Wall,PG,5.00%,51.75
62,1266038717,JWILL1906APE,0,266.75,C Blake Griffin G Victor Oladipo F Evan Fournier PG D'Angelo Russell UTIL Jarrett Allen SF Gordon Hayward PF Taj Gibson SG Wayne Ellington,,Marcus Morris,PF,4.00%,29.25
63,1265845386,dootoo22,0,266.5,C Joel Embiid PG De'Aaron Fox G Derrick Rose UTIL Dwight Howard F Taurean Prince PF Taj Gibson SG Terry Rozier SF Wayne Ellington,,Rodney McGruder,F,4.00%,26
63,1265980173,mathletekelz,0,266.5,PF Blake Griffin C Andre Drummond SG Victor Oladipo F Jaylen Brown G Tyler Johnson PG Terry Rozier UTIL Marcus Smart SF DeMarre Carroll,,Paul Millsap,PF,3.50%,26.75
65,1265760656,mattfrankis123,0,266,G Victor Oladipo SF Aaron Gordon PG Donovan Mitchell UTIL Caris LeVert SG Rodney McGruder PF Nemanja Bjelica F Omari Spellman C Guillermo Hernangómez,,Bojan Bogdanovic,SG,3.50%,24.5
65,1265784614,Tmanziel1,0,266,C Andre Drummond F Buddy Hield UTIL Willie Cauley-Stein G Derrick Rose SF Taurean Prince PF Justise Winslow PG Terry Rozier SG Marcus Smart,,Markelle Fultz,SG,3.50%,18.25
67,1265785158,mr.forty4,0,265.75,C Nikola Jokic PG Derrick Rose PF Al Horford SG Reggie Jackson UTIL Kent Bazemore G D'Angelo Russell SF Nemanja Bjelica F Taj Gibson,,Ish Smith,G,3.50%,18.75
68,1265994208,mizites,0,265.25,F Blake Griffin UTIL Aaron Gordon G Donovan Mitchell SF Jayson Tatum C Jarrett Allen PG Markelle Fultz SG Marcus Smart PF Glenn Robinson III,,Jaylen Brown,SF,3.50%,18
69,1265927366,bpolks39,0,264.5,C Hassan Whiteside SG Bradley Beal PG Trae Young G Derrick Rose PF Jae Crowder F Otto Porter Jr. UTIL Taj Gibson SF Kelly Oubre Jr.,,Joe Ingles,SG,3.00%,49.75
69,1266017027,brockjc722,0,264.5,F Blake Griffin SG Victor Oladipo C Rudy Gobert SF Justise Winslow UTIL Spencer Dinwiddie PG Terry Rozier PF Juancho Hernangómez G Marcus Smart,,Kelly Oubre Jr.,G,3.00%,29
71,1265710707,kennyschlie10,0,264.25,PG John Wall SG Victor Oladipo C Hassan Whiteside F Justise Winslow UTIL Robert Covington PF Taj Gibson G Marcus Smart SF Wayne Ellington,,Juancho Hernangómez,PF,3.00%,4.5
72,1265715917,edswoman,0,262.75,C Joel Embiid PF Blake Griffin PG Victor Oladipo G Tyreke Evans F Michael Kidd-Gilchrist SG Reggie Bullock UTIL Mason Plumlee SF Jeff Green,,Reggie Bullock,SG,2.50%,23.75
73,1265997364,DRSY2,0,262.5,C Karl-Anthony Towns UTIL Donovan Mitchell F Domantas Sabonis G Ricky Rubio PG Reggie Jackson SF Robert Covington PF Otto Porter Jr. SG Terry Rozier,,Miles Bridges,SF,2.50%,22.25
74,1266029947,jeremymccrary,0,260.75,SG Buddy Hield UTIL Willie Cauley-Stein PG Derrick Rose PF Domantas Sabonis C Al Horford F Marcus Morris SF Kent Bazemore G Joe Ingles,,Marvin Williams,F,2.00%,8.25
75,1265706274,warnutz,0,260.5,SG Josh Richardson PG De'Aaron Fox C Willie Cauley-Stein UTIL Evan Fournier PF Domantas Sabonis G Ricky Rubio F Otto Porter Jr. SF Dario Saric,,Iman Shumpert,SG,2.00%,26
76,1265722513,BonesBroncos,0,260.25,SG Donovan Mitchell PG De'Aaron Fox F Buddy Hield C Willie Cauley-Stein PF Domantas Sabonis G D'Angelo Russell SF Taurean Prince UTIL JJ Redick,,Malik Monk,SG,2.00%,22.75
76,1265839045,moto4583,0,260.25,SF Ben Simmons PG John Wall SG Buddy Hield G Ricky Rubio PF Jayson Tatum C Derrick Favors UTIL Juancho Hernangómez F Anthony Tolliver,,Jeremy Lin,PG,2.00%,35.75
76,1265947789,ottmaj12,0,260.25,UTIL Hassan Whiteside C Rudy Gobert SF Caris LeVert SG Derrick Rose PF Robert Covington F Taj Gibson G D.J. Augustin PG Terry Rozier,,Thaddeus Young,F,2.00%,10
79,1265752164,cordie88,0,259.75,PF Blake Griffin SG Bradley Beal SF Jayson Tatum C Dwight Howard PG D'Angelo Russell UTIL Jeremy Lamb F Jaylen Brown G Kelly Oubre Jr.,,Markieff Morris,PF,2.00%,16.75
80,1265836269,Cowboys9394,0,259.25,C Andre Drummond UTIL Josh Richardson G De'Aaron Fox SG Kent Bazemore PG D'Angelo Russell SF Nemanja Bjelica F Taj Gibson PF Omari Spellman,,Darren Collison,G,2.00%,32.25
81,1265786750,unabashed,0,259,G Victor Oladipo PG Donovan Mitchell SG Buddy Hield C Domantas Sabonis SF Justise Winslow F JJ Redick UTIL Dario Saric PF Taj Gibson,,Dewayne Dedmon,PF,2.00%,24.25
82,1265705283,cle32oh,0,258.75,C Joel Embiid PG Kyrie Irving F Marcus Morris SF Kent Bazemore SG Joe Ingles UTIL JJ Redick G Kelly Oubre Jr. PF Michael Kidd-Gilchrist,,Ed Davis,F,2.00%,11.5
83,1265775636,BrysonH4,0,257.25,F Ben Simmons G Jimmy Butler SF Caris LeVert C Dwight Howard PF Taj Gibson PG D.J. Augustin SG Tyler Johnson UTIL Terry Rozier,,Rondae Hollis-Jefferson,C,1.50%,19.25
84,1265733686,Edlombardo1,0,256.75,C Andre Drummond G Bradley Beal PG Donovan Mitchell SF Nemanja Bjelica PF Jae Crowder F Markieff Morris SG Markelle Fultz UTIL Derrick Favors,,Myles Turner,C,1.50%,18
84,1265808770,smucks29,0,256.75,UTIL Andre Drummond C Nikola Jokic PG De'Aaron Fox SF Taurean Prince PF Otto Porter Jr. F Taj Gibson G Ish Smith SG Tyus Jones,,Tyus Jones,PG,1.50%,16.75
86,1265724163,ucme47,0,256.5,C Joel Embiid PG De'Aaron Fox SG Derrick Rose UTIL Domantas Sabonis SF Taurean Prince PF Derrick Favors F Marvin Bagley III G Tyreke Evans,,Nicolas Batum,G,1.50%,14.5
87,1265779740,jonathannap,0,255.5,F Blake Griffin UTIL Victor Oladipo G De'Aaron Fox SG Reggie Jackson C Jarrett Allen PF Taj Gibson PG Tyler Johnson SF Allen Crabbe,,Langston Galloway,G,1.50%,24.75
88,1265700197,youngbandit09,0,255.25,G Victor Oladipo PG Donovan Mitchell F Buddy Hield SG Derrick Rose C Dwight Howard PF Nemanja Bjelica UTIL Terry Rozier SF Wayne Ellington,,Luol Deng,SF,1.50%,0
88,1266038405,dreed98812017,0,255.25,UTIL Nikola Vucevic C Willie Cauley-Stein F Domantas Sabonis G Ricky Rubio PF Marcus Morris SG Kent Bazemore PG D'Angelo Russell SF Robert Covington,,Kevin Huerter,G,1.00%,14
90,1265727083,pep8,0,255,PF Blake Griffin UTIL Rudy Gobert C Willie Cauley-Stein SG Derrick Rose F Jae Crowder G D.J. Augustin SF Marvin Williams PG Terry Rozier,,Monte Morris,G,1.00%,28
90,1265851330,trevor206,0,255,C Andre Drummond F Aaron Gordon SG Buddy Hield PF Nemanja Bjelica SF Robert Covington UTIL Taj Gibson G Tyler Johnson PG Terry Rozier,,Allen Crabbe,F,1.00%,11.5
90,1265926692,Kheaney22,0,255,C Joel Embiid PG Ben Simmons UTIL Derrick Rose F Taj Gibson SG Markelle Fultz G Malik Monk PF Marvin Williams SF Juancho Hernangómez,,Alex Len,C,1.00%,5
93,1265768409,plater4n1,0,253.25,C Andre Drummond PG Victor Oladipo SG Josh Richardson F Jae Crowder PF Paul Millsap SF Thaddeus Young UTIL D.J. Augustin G Tyler Johnson,,Glenn Robinson III,F,1.00%,18.75
93,1265771645,jmegill,0,253.25,C Andre Drummond UTIL Bradley Beal PF Aaron Gordon PG Trae Young F Taj Gibson G Tyler Johnson SG Terry Rozier SF Wayne Ellington,,Shabazz Napier,UTIL,1.00%,0
93,1265883314,codzac,0,253.25,G Jamal Murray F Caris LeVert SF Buddy Hield SG Derrick Rose PF Al Horford UTIL Gary Harris C Jarrett Allen PG Terry Rozier,,Kelly Olynyk,PF,1.00%,29
96,1265878245,Nycsourdiesel,0,252.75,PF Blake Griffin C Andre Drummond F Buddy Hield SG Derrick Rose G Tyler Johnson PG Langston Galloway UTIL Terry Rozier SF Wayne Ellington,,Jeremy Lamb,UTIL,1.00%,29.25
97,1265713377,be8495,0,252.25,C Nikola Jokic UTIL Jimmy Butler SF Caris LeVert PG Ricky Rubio PF Justise Winslow F Taj Gibson SG Malik Monk G Tyreke Evans,,Joe Harris,F,1.00%,17.5
98,1265965275,phieaglesfan97,0,251.5,C Joel Embiid PG Kemba Walker SG Derrick Rose SF Jayson Tatum PF Robert Covington F Marvin Bagley III G Vince Carter UTIL Luol Deng,,Guillermo Hernangómez,C,1.00%,25.5
99,1265696341,MrMangla,0,251.25,PG Victor Oladipo UTIL Donovan Mitchell G Derrick Rose C Dwight Howard F Nemanja Bjelica SF Jae Crowder SG JJ Redick PF Marvin Bagley III,,Anthony Tolliver,F,1.00%,10.25
99,1265718497,bucknutfan4life,0,251.25,UTIL Blake Griffin F Aaron Gordon PG Trae Young G Donovan Mitchell C Jarrett Allen PF Omari Spellman SG Terry Rozier SF Wayne Ellington,,Austin Rivers,UTIL,1.00%,3.25
101,1265816511,zach824,0,251,C Karl-Anthony Towns SG Jimmy Butler UTIL De'Aaron Fox PG Derrick Rose SF Andrew Wiggins PF Taj Gibson F Michael Kidd-Gilchrist G Wayne Ellington,,Mohamed Bamba,C,1.00%,26
102,1265772731,nglekas1221,0,250.75,UTIL Andre Drummond F Caris LeVert SG Derrick Rose SF Evan Fournier C Dwight Howard PF Taj Gibson PG Ish Smith G Terry Rozier,,DeAndre' Bembry,UTIL,0.50%,11.25
103,1265703346,22torrance22,0,250.5,C Joel Embiid PG Kemba Walker UTIL Gary Harris SF Robert Covington G Spencer Dinwiddie SG Markelle Fultz PF Derrick Favors F Marvin Williams,,Tony Parker,UTIL,0.50%,11.5
104,1265908802,mattstetz22,0,249.5,C Nikola Vucevic PG De'Aaron Fox F Evan Fournier PF Al Horford UTIL Dwight Howard G Gary Harris SF Justise Winslow SG Terry Rozier,,Jeff Green,SF,0.50%,20.75
105,1265970399,cleve38,0,249,C Joel Embiid SF Ben Simmons PG Kemba Walker G JJ Redick SG Gordon Hayward F Kyle O'Quinn UTIL Ben McLemore PF Luol Deng,,Bogdan Bogdanovic,SF,0.50%,0
106,1265766245,Swanny1313,0,248.5,C Nikola Vucevic UTIL Bradley Beal SG Donovan Mitchell PG Derrick Rose G Gary Harris F Taurean Prince SF Trey Lyles PF Michael Kidd-Gilchrist,,Stanley Johnson,F,0.50%,41.75
106,1265781056,dgsmith,0,248.5,PF Blake Griffin C Nikola Jokic PG De'Aaron Fox SG Kent Bazemore SF Otto Porter Jr. G Spencer Dinwiddie UTIL Derrick Favors F Wayne Ellington,,Cory Joseph,G,0.50%,23.75
108,1265833978,Dirks_Knee,0,248.25,PF Blake Griffin C Andre Drummond PG Victor Oladipo G Buddy Hield F Michael Kidd-Gilchrist UTIL Mason Plumlee SF Miles Bridges SG Kevin Huerter,,Bam Adebayo,UTIL,0.50%,3.75
109,1265920740,jandretti,0,247.75,C Nikola Vucevic PG Jamal Murray SF Caris LeVert G De'Aaron Fox UTIL Willie Cauley-Stein F Taj Gibson SG Terrence Ross PF Marvin Bagley III,,Grayson Allen,SG,0.50%,0
110,1265725718,maidenflames25,0,246.75,PG Ben Simmons SF Jimmy Butler F Buddy Hield SG Reggie Jackson UTIL Jarrett Allen G D.J. Augustin PF Derrick Favors C Alex Len,,José Calderón,PG,0.50%,12.25
111,1265736014,lenahp420,0,246.5,SG Jimmy Butler SF Caris LeVert PG De'Aaron Fox G Buddy Hield PF Al Horford C Jarrett Allen UTIL Bam Adebayo F Derrick Favors,,Gorgui Dieng,PF,0.50%,5.75
112,1265742007,petermao,0,245.5,C Andre Drummond PG Victor Oladipo G D'Angelo Russell SF Taurean Prince UTIL Nemanja Bjelica F JJ Redick PF Taj Gibson SG Tyreke Evans,,Royce O'Neale,F,0.50%,6
113,1265941612,gemilz,0,244.75,C Nikola Vucevic G Donovan Mitchell SF Caris LeVert PF Jayson Tatum PG Reggie Jackson SG Kent Bazemore F Trey Lyles UTIL Terry Rozier,,Vince Carter,G,0.50%,4.75
114,1265732496,snakeboi8,0,244.25,UTIL De'Aaron Fox C Willie Cauley-Stein F Evan Fournier PF Domantas Sabonis G Nicolas Batum SF Marcus Morris SG Gary Harris PG D'Angelo Russell,,Kyle O'Quinn,F,0.50%,0
115,1265701307,Thurston10,0,243.25,PF Blake Griffin SF Caris LeVert UTIL Willie Cauley-Stein PG Derrick Rose F Nemanja Bjelica G Terrence Ross C Derrick Favors SG Bojan Bogdanovic,,Ben McLemore,UTIL,0.50%,0
115,1265745010,Gr8lakr,0,243.25,C Andre Drummond PG John Wall SG Victor Oladipo PF Al Horford SF Kent Bazemore G Iman Shumpert F Miles Bridges UTIL Shabazz Napier,,Jared Dudley,F,0.50%,12
115,1265779178,dakid310,0,243.25,PF Blake Griffin C Nikola Vucevic PG Derrick Rose UTIL Dwight Howard F JJ Redick G Jeremy Lamb SF Terrence Ross SG Joe Harris,,DeMarre Carroll,SF,0.50%,11.5
118,1265693135,drewizzle86,0,242.75,C Blake Griffin G Donovan Mitchell PG De'Aaron Fox SG Derrick Rose PF Justise Winslow SF Jae Crowder UTIL D.J. Augustin F Wayne Ellington,,Dion Waiters,UTIL,0.50%,0
118,1265801359,pilo23,0,242.75,SG Victor Oladipo PG Jamal Murray SF Caris LeVert G Derrick Rose PF Al Horford UTIL Nemanja Bjelica C Dewayne Dedmon F Mason Plumlee,,Torrey Craig,F,0.50%,6.25
120,1265885040,Murdahewrote18,0,242.5,G Victor Oladipo SF Josh Richardson SG Donovan Mitchell C Al Horford UTIL Justise Winslow PF Nemanja Bjelica PG Terry Rozier F Mason Plumlee,,Malik Beasley,G,0.50%,14.25
121,1265887275,theoneandonly_d,0,242.25,UTIL Andre Drummond PG John Wall F Caris LeVert C Dwight Howard PF Otto Porter Jr. SG Tyler Johnson G Terry Rozier SF Wayne Ellington,,,
121,1265985502,Uncle_Brian,0,242.25,PF Blake Griffin UTIL Hassan Whiteside G De'Aaron Fox C Dwight Howard SF Otto Porter Jr. F Dario Saric PG Terry Rozier SG Wayne Ellington,,,
123,1265903828,Dr.Crossover,0,242,C Karl-Anthony Towns G Kyrie Irving PF Aaron Gordon SF Jayson Tatum SG Gary Harris PG D'Angelo Russell UTIL Darren Collison F Ed Davis,,,
124,1265728964,JamesBrains,0,241.75,F Blake Griffin UTIL Nikola Jokic C Dwight Howard SF Robert Covington PF Otto Porter Jr. SG JJ Redick PG Spencer Dinwiddie G Ish Smith,,,
125,1265743740,aaronvc4,0,241.5,F Blake Griffin G De'Aaron Fox PG Derrick Rose UTIL Evan Fournier C Dwight Howard SF Justise Winslow PF Marvin Bagley III SG Jeremy Lin,,,
126,1265923144,Ireneb1029,0,241.25,C Karl-Anthony Towns UTIL Rudy Gobert PG Trae Young SF Buddy Hield SG Gary Harris F Taj Gibson PF Derrick Favors G Wayne Ellington,,,
127,1265770235,Johnny_35,0,240.25,C Andre Drummond UTIL Donovan Mitchell SF Caris LeVert PG De'Aaron Fox SG D'Angelo Russell F Thaddeus Young G D.J. Augustin PF Marvin Bagley III,,,
127,1265899412,rudydb1,0,240.25,SF Ben Simmons G John Wall F Aaron Gordon C Dwight Howard PF Otto Porter Jr. SG Spencer Dinwiddie PG Ish Smith UTIL Austin Rivers,,,
129,1265851381,Cheesewiz100,0,240,PG John Wall SF Caris LeVert SG Derrick Rose PF Al Horford C Dwight Howard F JJ Redick UTIL Gordon Hayward G Jaylen Brown,,,
129,1265927113,brandonce,0,240,PG Victor Oladipo SG Jimmy Butler G Donovan Mitchell SF Jayson Tatum PF Al Horford F Marvin Bagley III UTIL Tyreke Evans C Mohamed Bamba,,,
131,1265794839,ndroski,0,239.25,PF Blake Griffin UTIL Hassan Whiteside C Al Horford F Kent Bazemore SF Justise Winslow PG Spencer Dinwiddie SG Terrence Ross G Terry Rozier,,,
132,1265850844,Elliente,0,238.75,C Karl-Anthony Towns G Bradley Beal PG Trae Young SG Derrick Rose PF Justise Winslow SF Trey Lyles UTIL Marvin Bagley III F Marvin Williams,,,
133,1265961430,edwardtineh,0,238.25,UTIL Victor Oladipo PG Trae Young F Jayson Tatum C Dwight Howard SG Rodney McGruder SF Robert Covington PF Dario Saric G Markelle Fultz,,,
134,1265764885,keptcold,0,238,PF Blake Griffin SF Caris LeVert PG De'Aaron Fox C Willie Cauley-Stein F Justise Winslow SG JJ Redick UTIL Terry Rozier G Wayne Ellington,,,
135,1265717233,jimbobrownbaby,0,236.5,C Nikola Jokic PG Trae Young UTIL Buddy Hield SF Andrew Wiggins PF Otto Porter Jr. SG JJ Redick G Gordon Hayward F Dario Saric,,,
136,1265694414,smithcr1,0,236.25,SG Bradley Beal PG Kyrie Irving G De'Aaron Fox UTIL Jayson Tatum SF Taurean Prince F Robert Covington C Jarrett Allen PF Taj Gibson,,,
137,1265754830,melmarco,0,235.75,C Joel Embiid PG De'Aaron Fox G Derrick Rose SG Kent Bazemore SF Taurean Prince PF Otto Porter Jr. F Joe Harris UTIL Tyreke Evans,,,
138,1265729758,Dvni24,0,235.5,SF Jimmy Butler C Hassan Whiteside SG Donovan Mitchell PG Derrick Rose F Justise Winslow PF Taj Gibson G Terrence Ross UTIL Tyreke Evans,,,
139,1265694514,KThomasK,0,234.75,PG Kemba Walker PF Aaron Gordon SF Caris LeVert G Evan Fournier C Dwight Howard UTIL Otto Porter Jr. SG Terrence Ross F Mason Plumlee,,,
139,1265753583,futbolsucs,0,234.75,C Andre Drummond SF Josh Richardson SG Derrick Rose G Reggie Jackson PF Justise Winslow UTIL Taj Gibson F Trey Lyles PG Terry Rozier,,,
139,1265774766,jaymoneyyyyyyy,0,234.75,PG Victor Oladipo G Kyrie Irving SG Jamal Murray SF Jayson Tatum C Al Horford UTIL Terrence Ross F Kelly Oubre Jr. PF Kelly Olynyk,,,
142,1265894836,babyace0202,0,234.25,C Andre Drummond PG Victor Oladipo UTIL Buddy Hield SF Kent Bazemore PF Robert Covington F Taj Gibson SG Spencer Dinwiddie G Wayne Ellington,,,
143,1265849879,Elvist2370,0,234,PG Victor Oladipo C Hassan Whiteside SG Josh Richardson PF Domantas Sabonis SF Rodney McGruder F Justise Winslow G Bojan Bogdanovic UTIL Shabazz Napier,,,
144,1265999524,Strunkified,0,233,PG Victor Oladipo SG Jamal Murray SF Jayson Tatum PF Al Horford G Reggie Jackson UTIL Kent Bazemore F JJ Redick C Dewayne Dedmon,,,
145,1265761507,dfsword,0,232.75,PF Aaron Gordon SG Donovan Mitchell C Willie Cauley-Stein PG Derrick Rose SF Andrew Wiggins UTIL D'Angelo Russell F JJ Redick G Gordon Hayward,,,
146,1265765354,andrewcaldwell,0,231,PF Blake Griffin C Andre Drummond UTIL Nikola Jokic G Victor Oladipo F Anthony Tolliver SG Grayson Allen PG José Calderón SF Luol Deng,,,
147,1266007671,Mikeeelowerryyyy,0,229.75,C Joel Embiid SF Jimmy Butler PG Derrick Rose PF Al Horford SG Gordon Hayward UTIL Dion Waiters F Torrey Craig G Malik Beasley,,,
148,1265778511,Jay1112,0,228.5,PG Trae Young UTIL Donovan Mitchell SF Evan Fournier PF Domantas Sabonis C Dwight Howard G Reggie Jackson SG D'Angelo Russell F Robert Covington,,,
149,1265931130,easyad,0,228.25,C Andre Drummond PG Victor Oladipo SG Josh Richardson G Jamal Murray PF Taj Gibson F Marvin Bagley III UTIL Wayne Ellington SF Iman Shumpert,,,
149,1266035061,markmerg,0,228.25,C Andre Drummond SF Jimmy Butler PG Derrick Rose UTIL Dwight Howard F Justise Winslow G D.J. Augustin SG Terry Rozier PF Juancho Hernangómez,,,
151,1265692255,Barry_Mcaulkener,0,227.5,C Andre Drummond SG Jimmy Butler PG De'Aaron Fox UTIL Dwight Howard SF Otto Porter Jr. PF Paul Millsap F Taj Gibson G Wayne Ellington,,,
152,1265723510,teezyyyyyy,0,227.25,UTIL Aaron Gordon PG Donovan Mitchell SF Caris LeVert PF Al Horford C Dwight Howard G Gary Harris SG D'Angelo Russell F Bojan Bogdanovic,,,
153,1265984822,scjr84,0,227,C Andre Drummond SG Jimmy Butler PG Derrick Rose UTIL Dwight Howard SF Robert Covington PF Paul Millsap F Marvin Bagley III G Reggie Bullock,,,
154,1265731192,Dowork1191,0,226.75,SG Jamal Murray UTIL Donovan Mitchell PG De'Aaron Fox G Derrick Rose C Dwight Howard SF Taurean Prince PF Jae Crowder F Thaddeus Young,,,
155,1265820708,Dmiller001,0,226.5,SG Jimmy Butler PG Kyrie Irving UTIL Buddy Hield G D'Angelo Russell SF Joe Ingles F Robert Covington PF Otto Porter Jr. C Paul Millsap,,,
156,1265816681,KirbyCat22,0,226,F Jimmy Butler G Donovan Mitchell UTIL Ricky Rubio C Dwight Howard PG Reggie Jackson SG D'Angelo Russell SF Taurean Prince PF Paul Millsap,,,
157,1265972869,GeneFunk,0,225.75,SF Aaron Gordon G Trae Young SG Donovan Mitchell UTIL De'Aaron Fox F Andrew Wiggins C Dwight Howard PF Omari Spellman PG Terry Rozier,,,
158,1265838630,lynnrdgun,0,225.5,F Blake Griffin SF Jimmy Butler SG Donovan Mitchell C Dwight Howard PG D'Angelo Russell PF Taj Gibson G Tyreke Evans UTIL Monte Morris,,,
159,1265773998,wescol,0,225,C Nikola Vucevic SF Aaron Gordon PG Trae Young SG Evan Fournier UTIL Dwight Howard F Robert Covington G Gordon Hayward PF Mason Plumlee,,,
160,1265745742,titus1746,0,224.25,C Andre Drummond UTIL Hassan Whiteside SG Jamal Murray PG Donovan Mitchell PF Justise Winslow SF Terrence Ross F Mason Plumlee G Wayne Ellington,,,
161,1265776645,bucklaos,0,224,UTIL Jimmy Butler PG Jamal Murray G Buddy Hield C Willie Cauley-Stein SG Gary Harris F Nemanja Bjelica SF Otto Porter Jr. PF Omari Spellman,,,
161,1265911474,DumbLuck8,0,224,UTIL Victor Oladipo SG Bradley Beal F Caris LeVert PG Derrick Rose G Andrew Wiggins SF Thaddeus Young PF Trey Lyles C Guillermo Hernangómez,,,
163,1265790060,Mlparis1,0,221.5,PF Blake Griffin SG Donovan Mitchell SF Caris LeVert UTIL Gary Harris F Taj Gibson G Spencer Dinwiddie C Myles Turner PG Terry Rozier,,,
163,1265979737,Pwhalen250,0,221.5,C Blake Griffin PG Kemba Walker SF Aaron Gordon SG Donovan Mitchell G Terry Rozier F Wayne Ellington PF Ed Davis UTIL Austin Rivers,,,
165,1265755756,SportsKings1,0,221.25,PF Blake Griffin G De'Aaron Fox C Willie Cauley-Stein UTIL Al Horford SG Reggie Jackson SF Kent Bazemore PG Terry Rozier F Ed Davis,,,
166,1265907953,Brittany23,0,220.25,SF Aaron Gordon PG Jamal Murray SG Donovan Mitchell G De'Aaron Fox UTIL Evan Fournier F Kent Bazemore PF Rondae Hollis-Jefferson C Ed Davis,,,
167,1265751612,millertime3799,0,218.75,UTIL Blake Griffin G Donovan Mitchell SG Andrew Wiggins F Jayson Tatum C Dwight Howard SF Justise Winslow PF Kelly Olynyk PG Marcus Smart,,,
168,1265751117,NcStateJohnP,0,218.5,UTIL Blake Griffin C Andre Drummond PG Donovan Mitchell F Taj Gibson SG Spencer Dinwiddie SF Trey Lyles G Jaylen Brown PF Marvin Bagley III,,,
169,1265723856,Tinytim35,0,215.5,PF Blake Griffin SF Jimmy Butler UTIL Gary Harris F Justise Winslow SG JJ Redick G Gordon Hayward C Myles Turner PG Terry Rozier,,,
170,1266025750,bubbagump1976,0,215.25,PG Trae Young SG Jamal Murray G De'Aaron Fox C Willie Cauley-Stein PF Domantas Sabonis F Andrew Wiggins SF Robert Covington UTIL Omari Spellman,,,
171,1265699733,MisterRed2015,0,214.25,SG Victor Oladipo PG Kyrie Irving G Donovan Mitchell SF Caris LeVert C Jarrett Allen F Otto Porter Jr. PF Derrick Favors UTIL Tony Parker,,,
171,1265871902,808PKRnut,0,214.25,C Nikola Vucevic PG Jamal Murray SG Derrick Rose G Reggie Jackson SF Kent Bazemore F Justise Winslow UTIL Robert Covington PF Taj Gibson,,,
173,1265993501,txkiller,0,214,C Blake Griffin SF Josh Richardson PG Derrick Rose F Taurean Prince UTIL Robert Covington PF Otto Porter Jr. G D.J. Augustin SG Terry Rozier,,,
174,1265687496,DavinBuckets,0,213.75,C Hassan Whiteside PG Kyrie Irving SF Aaron Gordon F Evan Fournier PF Marcus Morris SG JJ Redick G Spencer Dinwiddie UTIL DeAndre' Bembry,,,
174,1265704629,jdc2016,0,213.75,F Blake Griffin C Hassan Whiteside PG Kyrie Irving PF Domantas Sabonis G D'Angelo Russell UTIL Taj Gibson SF Wayne Ellington SG Iman Shumpert,,,
176,1265837144,ddhoff81,0,213.25,G Victor Oladipo PG Kyrie Irving C Domantas Sabonis F Kent Bazemore SG D'Angelo Russell SF Justise Winslow UTIL Gordon Hayward PF Taj Gibson,,,
177,1265753311,3D_2015,0,212.75,UTIL Andre Drummond PG Kyrie Irving G Donovan Mitchell C Willie Cauley-Stein SF Evan Fournier F Taj Gibson PF Omari Spellman SG Wayne Ellington,,,
178,1265786044,H3atcheck,0,211.75,F Aaron Gordon G Josh Richardson UTIL Jamal Murray C Dwight Howard PG Reggie Jackson SG Kent Bazemore PF Jae Crowder SF Gordon Hayward,,,
179,1265985445,Richardkc,0,211.25,G Trae Young C Willie Cauley-Stein PG Derrick Rose SF Evan Fournier SG Reggie Jackson UTIL Kent Bazemore F Taurean Prince PF Nemanja Bjelica,,,
180,1265858884,Grizzlyhawk,0,210.75,SF Aaron Gordon PG De'Aaron Fox G Buddy Hield C Willie Cauley-Stein SG Derrick Rose F Andrew Wiggins UTIL Dwight Howard PF Gorgui Dieng,,,
181,1265786493,winnner89,0,210.25,SG Bradley Beal F Domantas Sabonis SF Andrew Wiggins PF Al Horford C Dwight Howard UTIL Rodney McGruder G Gary Harris PG D'Angelo Russell,,,
182,1265734512,jmaheu86,0,209.5,PF Blake Griffin SG Donovan Mitchell SF Caris LeVert C Willie Cauley-Stein PG Reggie Jackson G D.J. Augustin F Marvin Bagley III UTIL Bojan Bogdanovic,,,
182,1265771520,LarryL11-25,0,209.5,PF Blake Griffin UTIL Trae Young SG Jamal Murray PG De'Aaron Fox SF Kent Bazemore G Markelle Fultz C Derrick Favors F Miles Bridges,,,
184,1265987427,PiratesWorld,0,208.75,PF Blake Griffin C Andre Drummond SG Josh Richardson UTIL Nemanja Bjelica F Marvin Bagley III G Tyler Johnson PG Ish Smith SF Tyreke Evans,,,
185,1265735870,rdw14,0,208.5,PF Blake Griffin C Nikola Jokic G Buddy Hield SG Andrew Wiggins PG Reggie Jackson UTIL Alex Len SF Reggie Bullock F Glenn Robinson III,,,
186,1265754717,mattmorse1978,0,208,UTIL Trae Young PG De'Aaron Fox SG Buddy Hield SF Nicolas Batum C Dwight Howard PF Marcus Morris G Gary Harris F Gordon Hayward,,,
187,1265879100,sanchez_jabswitch,0,207.75,C Nikola Vucevic PG Kyrie Irving PF Al Horford UTIL Dwight Howard SG Gary Harris G D'Angelo Russell F Justise Winslow SF Dario Saric,,,
188,1265789319,wrags23,0,207,UTIL Jimmy Butler SG Josh Richardson G Donovan Mitchell SF Andrew Wiggins C Dwight Howard PF Jae Crowder F Marvin Bagley III PG Terry Rozier,,,
189,1265924510,packerbackerdale,0,206.25,C Andre Drummond SF Jimmy Butler PG Kyrie Irving SG Derrick Rose F Taj Gibson UTIL Ish Smith G Tyreke Evans PF Michael Kidd-Gilchrist,,,
190,1265744284,dictate,0,205.5,UTIL Andre Drummond C Hassan Whiteside PG Kyrie Irving SF Caris LeVert PF Taj Gibson G D.J. Augustin SG Tyler Johnson F Wayne Ellington,,,
191,1265872751,NVDRDNB,0,205.25,UTIL Blake Griffin F Ben Simmons C Willie Cauley-Stein G Kent Bazemore PG Markelle Fultz PF Marvin Bagley III SG Tyreke Evans SF Miles Bridges,,,
192,1265708974,Cokeman200,0,204,C Rudy Gobert PG De'Aaron Fox PF Domantas Sabonis G Andrew Wiggins SG Gary Harris F Taurean Prince SF Nemanja Bjelica UTIL Robert Covington,,,
193,1266002642,bigal6692,0,202,UTIL Hassan Whiteside F Evan Fournier C Domantas Sabonis PG Ricky Rubio G Andrew Wiggins SG Gary Harris PF Justise Winslow SF Otto Porter Jr.,,,
194,1265995815,spiderseth,0,200.5,C Blake Griffin PG Trae Young SG Jamal Murray SF Caris LeVert F Taj Gibson PF Trey Lyles UTIL D.J. Augustin G Ish Smith,,,
195,1265701725,ibarra276,0,199,PG Kyrie Irving G Derrick Rose UTIL Ricky Rubio F Andrew Wiggins PF Al Horford SF Marcus Morris C Jarrett Allen SG JJ Redick,,,
196,1265719358,natedog4509,0,198.5,PF Blake Griffin SF Buddy Hield UTIL Willie Cauley-Stein PG Derrick Rose SG Gary Harris G Kent Bazemore C Rondae Hollis-Jefferson F Allen Crabbe,,,
197,1265724467,nbuker2015,0,198,F Blake Griffin SG Jimmy Butler G Donovan Mitchell C Al Horford SF Robert Covington UTIL Taj Gibson PF Juancho Hernangómez PG Tyus Jones,,,
198,1265742906,outlaws2366,0,188,C Andre Drummond PG Trae Young F Nicolas Batum G Reggie Jackson SG Kent Bazemore UTIL Taurean Prince SF JJ Redick PF Dewayne Dedmon,,,
199,1265696363,jmac885,0,184.5,PG Jamal Murray UTIL Evan Fournier C Domantas Sabonis G Andrew Wiggins PF Al Horford F Rodney McGruder SG Reggie Jackson SF Kent Bazemore,,,
200,1265943180,cfull01,0,161.5,UTIL Blake Griffin PG Trae Young G Andrew Wiggins SF Jayson Tatum C Dwight Howard F Rodney McGruder SG Tyreke Evans PF Juancho Hernangómez,,,
